deltaQ (pC),deltaM (g),time (s),mass jump indices,mid plateau indices,trial
-0.06263280000000004,0.053,37.77988767623901,110.0,122.0,1007_350ulm_2.5NaCl_sfnewg_10ga_10cm_02.csv
-0.07772259999999998,0.053,45.71528005599976,133.0,146.0,1007_350ulm_2.5NaCl_sfnewg_10ga_10cm_02.csv
-0.06304619999999994,0.052000000000000005,54.34024715423584,158.0,172.0,1007_350ulm_2.5NaCl_sfnewg_10ga_10cm_02.csv
-0.07689579999999996,0.05099999999999999,63.65416646003723,185.0,199.0,1007_350ulm_2.5NaCl_sfnewg_10ga_10cm_02.csv
-0.09777340000000001,0.05000000000000002,72.9691801071167,212.0,229.0,1007_350ulm_2.5NaCl_sfnewg_10ga_10cm_02.csv
-0.09942689999999993,0.055999999999999994,84.00639009475708,244.0,262.0,1007_350ulm_2.5NaCl_sfnewg_10ga_10cm_02.csv
-0.08599089999999993,0.055999999999999994,95.73260807991028,278.0,295.0,1007_350ulm_2.5NaCl_sfnewg_10ga_10cm_02.csv
-0.07048769999999999,0.056999999999999995,106.76884150505066,310.0,325.0,1007_350ulm_2.5NaCl_sfnewg_10ga_10cm_02.csv
-0.10397480000000009,0.05399999999999999,116.77380061149596,339.0,354.0,1007_350ulm_2.5NaCl_sfnewg_10ga_10cm_02.csv
-0.07255500000000004,0.06000000000000005,126.77768182754517,368.0,381.0,1007_350ulm_2.5NaCl_sfnewg_10ga_10cm_02.csv
-0.06656050000000013,0.05399999999999994,135.39901781082153,393.0,407.0,1007_350ulm_2.5NaCl_sfnewg_10ga_10cm_02.csv
-0.0659402,0.05500000000000005,144.36249828338623,419.0,432.0,1007_350ulm_2.5NaCl_sfnewg_10ga_10cm_02.csv
-0.057878419999999875,0.04699999999999993,152.6393804550171,443.0,458.0,1007_350ulm_2.5NaCl_sfnewg_10ga_10cm_02.csv
-0.08206368999999991,0.06300000000000006,162.2974033355713,471.0,483.0,1007_350ulm_2.5NaCl_sfnewg_10ga_10cm_02.csv
-0.08743793,0.051000000000000045,170.23237347602844,494.0,506.0,1007_350ulm_2.5NaCl_sfnewg_10ga_10cm_02.csv
-0.06552706999999991,0.052999999999999936,178.16734337806702,517.0,531.0,1007_350ulm_2.5NaCl_sfnewg_10ga_10cm_02.csv
-0.0731751300000002,0.05600000000000005,187.1355001926422,543.0,558.0,1007_350ulm_2.5NaCl_sfnewg_10ga_10cm_02.csv
-0.07441539999999991,0.05399999999999994,196.79351687431333,571.0,586.0,1007_350ulm_2.5NaCl_sfnewg_10ga_10cm_02.csv
-0.05787819999999999,0.05500000000000005,206.7944495677948,600.0,616.0,1007_350ulm_2.5NaCl_sfnewg_10ga_10cm_02.csv
-0.08371679999999992,0.052999999999999936,217.142165184021,630.0,647.0,1007_350ulm_2.5NaCl_sfnewg_10ga_10cm_02.csv
-0.0911588000000001,0.05600000000000005,228.52600073814392,663.0,679.0,1007_350ulm_2.5NaCl_sfnewg_10ga_10cm_02.csv
-0.06924819999999987,0.05800000000000005,238.8745853900909,693.0,707.0,1007_350ulm_2.5NaCl_sfnewg_10ga_10cm_02.csv
-0.054984799999999945,0.050999999999999934,247.8399183750153,719.0,735.0,1007_350ulm_2.5NaCl_sfnewg_10ga_10cm_02.csv
-0.06966120000000009,0.05800000000000005,258.19072580337524,749.0,764.0,1007_350ulm_2.5NaCl_sfnewg_10ga_10cm_02.csv
-0.09529300000000007,0.05800000000000005,267.84822726249695,777.0,790.0,1007_350ulm_2.5NaCl_sfnewg_10ga_10cm_02.csv
-0.06738700000000009,0.050999999999999934,276.4709084033966,802.0,814.0,1007_350ulm_2.5NaCl_sfnewg_10ga_10cm_02.csv
-0.05271010000000009,0.04600000000000004,284.4051296710968,825.0,838.0,1007_350ulm_2.5NaCl_sfnewg_10ga_10cm_02.csv
-0.05291710000000016,0.053999999999999826,293.0288701057434,850.0,863.0,1007_350ulm_2.5NaCl_sfnewg_10ga_10cm_02.csv
-0.09611949999999991,0.052000000000000046,301.3088662624359,874.0,886.0,1007_350ulm_2.5NaCl_sfnewg_10ga_10cm_02.csv
-0.0946731999999999,0.05300000000000016,308.89864587783813,896.0,909.0,1007_350ulm_2.5NaCl_sfnewg_10ga_10cm_02.csv
-0.06635380000000013,0.051999999999999824,317.1761214733124,920.0,933.0,1007_350ulm_2.5NaCl_sfnewg_10ga_10cm_02.csv
-0.10149380000000008,0.052000000000000046,325.7990038394928,945.0,959.0,1007_350ulm_2.5NaCl_sfnewg_10ga_10cm_02.csv
-0.08743699999999999,0.050999999999999934,334.7660565376282,971.0,988.0,1007_350ulm_2.5NaCl_sfnewg_10ga_10cm_02.csv
-0.07296799999999992,0.05600000000000005,345.8041970729828,1003.0,1019.0,1007_350ulm_2.5NaCl_sfnewg_10ga_10cm_02.csv
-0.09694700000000012,0.052999999999999936,356.1521637439728,1033.0,1047.0,1007_350ulm_2.5NaCl_sfnewg_10ga_10cm_02.csv
-0.08226999999999984,0.04800000000000004,365.8065984249115,1061.0,1086.0,1007_350ulm_2.5NaCl_sfnewg_10ga_10cm_02.csv
-0.08743839999999992,0.062,33.63410687446594,98.0,114.0,1007_350ulm_2.5NaCl_sfnewg_10ga_10cm_03.csv
-0.062012899999999926,0.062,44.32350468635559,129.0,144.0,1007_350ulm_2.5NaCl_sfnewg_10ga_10cm_03.csv
-0.068214,0.056999999999999995,53.98346996307373,157.0,174.0,1007_350ulm_2.5NaCl_sfnewg_10ga_10cm_03.csv
-0.06180590000000008,0.063,65.02342796325684,189.0,205.0,1007_350ulm_2.5NaCl_sfnewg_10ga_10cm_03.csv
-0.07958299999999996,0.06,75.37212204933167,219.0,233.0,1007_350ulm_2.5NaCl_sfnewg_10ga_10cm_03.csv
-0.09611970000000003,0.05099999999999999,84.33957934379578,245.0,258.0,1007_350ulm_2.5NaCl_sfnewg_10ga_10cm_03.csv
-0.0655268,0.05499999999999999,92.61924242973328,269.0,283.0,1007_350ulm_2.5NaCl_sfnewg_10ga_10cm_03.csv
-0.07524210000000009,0.05700000000000005,101.5857710838318,295.0,308.0,1007_350ulm_2.5NaCl_sfnewg_10ga_10cm_03.csv
-0.09425930000000005,0.05199999999999999,110.2107424736023,320.0,333.0,1007_350ulm_2.5NaCl_sfnewg_10ga_10cm_03.csv
-0.05746499999999999,0.05599999999999994,118.83385157585144,345.0,360.0,1007_350ulm_2.5NaCl_sfnewg_10ga_10cm_03.csv
-0.09198570000000011,0.05500000000000005,128.48941802978516,373.0,389.0,1007_350ulm_2.5NaCl_sfnewg_10ga_10cm_03.csv
-0.06738709999999998,0.05500000000000005,138.83701872825625,403.0,420.0,1007_350ulm_2.5NaCl_sfnewg_10ga_10cm_03.csv
-0.05932540000000003,0.05699999999999994,149.87597799301147,435.0,452.0,1007_350ulm_2.5NaCl_sfnewg_10ga_10cm_03.csv
-0.10521500000000006,0.05600000000000005,160.91372752189636,467.0,481.0,1007_350ulm_2.5NaCl_sfnewg_10ga_10cm_03.csv
-0.09157190000000015,0.052999999999999936,170.22675967216492,494.0,510.0,1007_350ulm_2.5NaCl_sfnewg_10ga_10cm_03.csv
-0.07854949999999994,0.061000000000000054,180.57555270195007,524.0,538.0,1007_350ulm_2.5NaCl_sfnewg_10ga_10cm_03.csv
-0.06118602000000006,0.04799999999999993,189.54141521453855,550.0,563.0,1007_350ulm_2.5NaCl_sfnewg_10ga_10cm_03.csv
-0.059118890000000035,0.05499999999999994,197.82103514671329,574.0,588.0,1007_350ulm_2.5NaCl_sfnewg_10ga_10cm_03.csv
-0.05539796000000008,0.049000000000000155,207.13287544250488,601.0,615.0,1007_350ulm_2.5NaCl_sfnewg_10ga_10cm_03.csv
-0.06283959799999994,0.05600000000000005,216.10051465034485,627.0,640.0,1007_350ulm_2.5NaCl_sfnewg_10ga_10cm_03.csv
-0.06904096000000004,0.05599999999999983,224.72548270225525,652.0,665.0,1007_350ulm_2.5NaCl_sfnewg_10ga_10cm_03.csv
-0.09425923000000003,0.05400000000000005,233.34956526756287,677.0,691.0,1007_350ulm_2.5NaCl_sfnewg_10ga_10cm_03.csv
-0.06986739999999991,0.05600000000000005,242.3177547454834,703.0,716.0,1007_350ulm_2.5NaCl_sfnewg_10ga_10cm_03.csv
-0.05705150000000003,0.050000000000000044,250.9427225589752,728.0,742.0,1007_350ulm_2.5NaCl_sfnewg_10ga_10cm_03.csv
-0.060979499999999964,0.05699999999999994,260.2576882839203,755.0,769.0,1007_350ulm_2.5NaCl_sfnewg_10ga_10cm_03.csv
-0.08826429999999985,0.052000000000000046,269.5713860988617,782.0,797.0,1007_350ulm_2.5NaCl_sfnewg_10ga_10cm_03.csv
-0.10004740000000023,0.052000000000000046,279.23011684417725,810.0,826.0,1007_350ulm_2.5NaCl_sfnewg_10ga_10cm_03.csv
-0.06097869999999994,0.05499999999999994,289.92507815361023,841.0,857.0,1007_350ulm_2.5NaCl_sfnewg_10ga_10cm_03.csv
-0.05684529999999999,0.05600000000000005,300.27308082580566,871.0,884.0,1007_350ulm_2.5NaCl_sfnewg_10ga_10cm_03.csv
-0.08454399999999995,0.050999999999999934,308.8962290287018,896.0,910.0,1007_350ulm_2.5NaCl_sfnewg_10ga_10cm_03.csv
-0.06077240000000006,0.05499999999999994,317.8661963939667,922.0,937.0,1007_350ulm_2.5NaCl_sfnewg_10ga_10cm_03.csv
-0.0841307,0.05600000000000005,327.5236620903015,950.0,966.0,1007_350ulm_2.5NaCl_sfnewg_10ga_10cm_03.csv
-0.07379540000000007,0.05600000000000005,337.8711452484131,980.0,994.0,1007_350ulm_2.5NaCl_sfnewg_10ga_10cm_03.csv
-0.1025277,0.05899999999999994,347.1845643520355,1007.0,1021.0,1007_350ulm_2.5NaCl_sfnewg_10ga_10cm_03.csv
-0.06635349999999995,0.05400000000000005,356.153685092926,1033.0,1047.0,1007_350ulm_2.5NaCl_sfnewg_10ga_10cm_03.csv
-0.06573380000000006,0.05899999999999994,365.1236538887024,1059.0,1072.0,1007_350ulm_2.5NaCl_sfnewg_10ga_10cm_03.csv
-0.09880690000000003,0.05300000000000016,374.0936195850372,1085.0,1110.0,1007_350ulm_2.5NaCl_sfnewg_10ga_10cm_03.csv
-0.09198499999999998,0.052,39.82690477371216,116.0,130.0,1007_350ulm_2.5NaCl_sfnewg_10ga_10cm_04.csv
-0.06449400000000005,0.051,48.79504466056824,142.0,156.0,1007_350ulm_2.5NaCl_sfnewg_10ga_10cm_04.csv
-0.09281249999999996,0.051000000000000004,57.75946044921875,168.0,183.0,1007_350ulm_2.5NaCl_sfnewg_10ga_10cm_04.csv
-0.04816330000000002,0.05299999999999999,67.76139569282532,197.0,212.0,1007_350ulm_2.5NaCl_sfnewg_10ga_10cm_04.csv
-0.08599089999999998,0.05400000000000002,77.76469945907593,226.0,241.0,1007_350ulm_2.5NaCl_sfnewg_10ga_10cm_04.csv
-0.05643149999999997,0.04999999999999999,87.42482852935791,254.0,270.0,1007_350ulm_2.5NaCl_sfnewg_10ga_10cm_04.csv
-0.06614690000000001,0.062,97.77358984947205,284.0,298.0,1007_350ulm_2.5NaCl_sfnewg_10ga_10cm_04.csv
-0.09095189999999997,0.05399999999999999,107.08751678466795,311.0,326.0,1007_350ulm_2.5NaCl_sfnewg_10ga_10cm_04.csv
-0.09591299999999991,0.05399999999999999,116.74490547180176,339.0,354.0,1007_350ulm_2.5NaCl_sfnewg_10ga_10cm_04.csv
-0.102321,0.05800000000000005,126.404869556427,367.0,382.0,1007_350ulm_2.5NaCl_sfnewg_10ga_10cm_04.csv
-0.10356129999999997,0.05699999999999994,136.40983629226685,396.0,409.0,1007_350ulm_2.5NaCl_sfnewg_10ga_10cm_04.csv
-0.0942594,0.05400000000000005,144.68782663345337,420.0,432.0,1007_350ulm_2.5NaCl_sfnewg_10ga_10cm_04.csv
-0.08454400000000017,0.051999999999999935,152.27372646331787,442.0,456.0,1007_350ulm_2.5NaCl_sfnewg_10ga_10cm_04.csv
-0.08723110000000012,0.05600000000000005,161.58715629577637,469.0,482.0,1007_350ulm_2.5NaCl_sfnewg_10ga_10cm_04.csv
-0.06035909999999989,0.051000000000000045,170.20845985412598,494.0,508.0,1007_350ulm_2.5NaCl_sfnewg_10ga_10cm_04.csv
-0.06345979999999996,0.05399999999999994,179.17373871803284,520.0,534.0,1007_350ulm_2.5NaCl_sfnewg_10ga_10cm_04.csv
-0.060772499999999896,0.051000000000000045,188.48323249816892,547.0,561.0,1007_350ulm_2.5NaCl_sfnewg_10ga_10cm_04.csv
-0.07854950000000016,0.04899999999999993,197.453200340271,573.0,589.0,1007_350ulm_2.5NaCl_sfnewg_10ga_10cm_04.csv
-0.06325280000000011,0.05799999999999994,208.148161649704,604.0,619.0,1007_350ulm_2.5NaCl_sfnewg_10ga_10cm_04.csv
-0.08991839999999995,0.052000000000000046,217.8081271648407,632.0,646.0,1007_350ulm_2.5NaCl_sfnewg_10ga_10cm_04.csv
-0.0655268,0.050000000000000044,226.77697730064392,658.0,672.0,1007_350ulm_2.5NaCl_sfnewg_10ga_10cm_04.csv
-0.07772259999999998,0.052999999999999936,235.74127292633057,684.0,698.0,1007_350ulm_2.5NaCl_sfnewg_10ga_10cm_04.csv
-0.07916960000000006,0.049000000000000155,244.70953845977783,710.0,723.0,1007_350ulm_2.5NaCl_sfnewg_10ga_10cm_04.csv
-0.08764450000000001,0.04999999999999982,253.3313524723053,735.0,749.0,1007_350ulm_2.5NaCl_sfnewg_10ga_10cm_04.csv
-0.08516429999999997,0.05600000000000005,262.2998421192169,761.0,776.0,1007_350ulm_2.5NaCl_sfnewg_10ga_10cm_04.csv
-0.09570625999999993,0.06099999999999994,272.2996637821197,790.0,804.0,1007_350ulm_2.5NaCl_sfnewg_10ga_10cm_04.csv
-0.06015230999999999,0.05600000000000005,281.2708840370178,816.0,829.0,1007_350ulm_2.5NaCl_sfnewg_10ga_10cm_04.csv
-0.085164134,0.049000000000000155,289.5545868873596,840.0,854.0,1007_350ulm_2.5NaCl_sfnewg_10ga_10cm_04.csv
-0.07524199999999981,0.05899999999999994,298.87182807922363,867.0,879.0,1007_350ulm_2.5NaCl_sfnewg_10ga_10cm_04.csv
-0.0692477199999999,0.050000000000000044,306.4634547233581,889.0,904.0,1007_350ulm_2.5NaCl_sfnewg_10ga_10cm_04.csv
-0.09219208000000001,0.053999999999999826,316.1240565776825,917.0,931.0,1007_350ulm_2.5NaCl_sfnewg_10ga_10cm_04.csv
-0.08454355999999996,0.051000000000000156,325.4391872882843,944.0,960.0,1007_350ulm_2.5NaCl_sfnewg_10ga_10cm_04.csv
-0.08826480000000014,0.053999999999999826,335.7891516685486,974.0,990.0,1007_350ulm_2.5NaCl_sfnewg_10ga_10cm_04.csv
-0.05767129999999998,0.05700000000000016,346.4814381599426,1005.0,1020.0,1007_350ulm_2.5NaCl_sfnewg_10ga_10cm_04.csv
-0.0994269000000001,0.05599999999999983,356.48405051231384,1034.0,1049.0,1007_350ulm_2.5NaCl_sfnewg_10ga_10cm_04.csv
-0.10418119999999975,0.05900000000000016,366.83271622657776,1064.0,1089.0,1007_350ulm_2.5NaCl_sfnewg_10ga_10cm_04.csv
-0.06821410000000006,0.047,33.653172969818115,98.0,114.0,1007_350ulm_2.5NaCl_sfnewg_10ga_10cm_05.csv
-0.07007439999999998,0.06,44.34817051887512,129.0,143.0,1007_350ulm_2.5NaCl_sfnewg_10ga_10cm_05.csv
-0.10170099999999999,0.051000000000000004,53.661850452423096,156.0,171.0,1007_350ulm_2.5NaCl_sfnewg_10ga_10cm_05.csv
-0.10108080000000003,0.056999999999999995,63.320818185806274,184.0,197.0,1007_350ulm_2.5NaCl_sfnewg_10ga_10cm_05.csv
-0.06986780000000004,0.05100000000000002,71.5969467163086,208.0,221.0,1007_350ulm_2.5NaCl_sfnewg_10ga_10cm_05.csv
-0.07710270000000008,0.04999999999999999,80.21696543693542,233.0,247.0,1007_350ulm_2.5NaCl_sfnewg_10ga_10cm_05.csv
-0.05746533000000009,0.05399999999999999,89.1822202205658,259.0,272.0,1007_350ulm_2.5NaCl_sfnewg_10ga_10cm_05.csv
-0.05932559000000004,0.05199999999999999,97.46143341064452,283.0,296.0,1007_350ulm_2.5NaCl_sfnewg_10ga_10cm_05.csv
-0.08144370000000001,0.05099999999999999,106.08545684814452,308.0,323.0,1007_350ulm_2.5NaCl_sfnewg_10ga_10cm_05.csv
-0.06635380000000002,0.05300000000000005,115.74542808532716,336.0,352.0,1007_350ulm_2.5NaCl_sfnewg_10ga_10cm_05.csv
-0.09673979999999993,0.050999999999999934,126.09167671203612,366.0,381.0,1007_350ulm_2.5NaCl_sfnewg_10ga_10cm_05.csv
-0.09984100000000007,0.049000000000000044,135.74932503700256,394.0,409.0,1007_350ulm_2.5NaCl_sfnewg_10ga_10cm_05.csv
-0.06345990000000001,0.05800000000000005,145.40536546707153,422.0,436.0,1007_350ulm_2.5NaCl_sfnewg_10ga_10cm_05.csv
-0.09446640000000017,0.04799999999999993,154.37533521652222,448.0,462.0,1007_350ulm_2.5NaCl_sfnewg_10ga_10cm_05.csv
-0.05519100000000021,0.05600000000000005,163.34530639648438,474.0,488.0,1007_350ulm_2.5NaCl_sfnewg_10ga_10cm_05.csv
-0.10521500000000006,0.052999999999999936,172.6576964855194,501.0,516.0,1007_350ulm_2.5NaCl_sfnewg_10ga_10cm_05.csv
-0.09446630000000011,0.05400000000000005,182.3176646232605,529.0,544.0,1007_350ulm_2.5NaCl_sfnewg_10ga_10cm_05.csv
-0.08537030000000012,0.05499999999999994,191.97763347625727,557.0,569.0,1007_350ulm_2.5NaCl_sfnewg_10ga_10cm_05.csv
-0.08185680000000017,0.04800000000000004,199.91335082054135,580.0,593.0,1007_350ulm_2.5NaCl_sfnewg_10ga_10cm_05.csv
-0.06966109999999981,0.04899999999999993,208.19335341453552,604.0,618.0,1007_350ulm_2.5NaCl_sfnewg_10ga_10cm_05.csv
-0.06242620000000021,0.05700000000000016,217.50571703910828,631.0,644.0,1007_350ulm_2.5NaCl_sfnewg_10ga_10cm_05.csv
-0.0802022,0.04999999999999982,225.78395462036133,655.0,668.0,1007_350ulm_2.5NaCl_sfnewg_10ga_10cm_05.csv
-0.0651130000000002,0.05500000000000016,234.4042453765869,680.0,694.0,1007_350ulm_2.5NaCl_sfnewg_10ga_10cm_05.csv
-0.05581099999999983,0.04899999999999993,243.37251353263852,706.0,720.0,1007_350ulm_2.5NaCl_sfnewg_10ga_10cm_05.csv
-0.05519099999999977,0.05400000000000005,252.68753027915955,733.0,748.0,1007_350ulm_2.5NaCl_sfnewg_10ga_10cm_05.csv
-0.09198600000000035,0.050000000000000044,262.68889689445496,762.0,778.0,1007_350ulm_2.5NaCl_sfnewg_10ga_10cm_05.csv
-0.042790000000000106,0.05599999999999983,273.0349566936493,792.0,807.0,1007_350ulm_2.5NaCl_sfnewg_10ga_10cm_05.csv
-0.08826499999999982,0.05700000000000016,283.03615498542786,821.0,835.0,1007_350ulm_2.5NaCl_sfnewg_10ga_10cm_05.csv
-0.056846000000000174,0.04999999999999982,292.00203466415405,847.0,860.0,1007_350ulm_2.5NaCl_sfnewg_10ga_10cm_05.csv
-0.06325299999999956,0.049000000000000155,300.62122225761414,872.0,886.0,1007_350ulm_2.5NaCl_sfnewg_10ga_10cm_05.csv
-0.09467200000000009,0.05599999999999983,309.9347915649414,899.0,914.0,1007_350ulm_2.5NaCl_sfnewg_10ga_10cm_05.csv
-0.09735899999999997,0.05700000000000016,319.5922420024872,927.0,942.0,1007_350ulm_2.5NaCl_sfnewg_10ga_10cm_05.csv
-0.05209100000000033,0.05899999999999994,329.2478702068329,955.0,968.0,1007_350ulm_2.5NaCl_sfnewg_10ga_10cm_05.csv
-0.09674099999999974,0.04800000000000004,337.52438163757324,979.0,992.0,1007_350ulm_2.5NaCl_sfnewg_10ga_10cm_05.csv
-0.062011999999999734,0.05499999999999994,346.1473579406738,1004.0,1020.0,1007_350ulm_2.5NaCl_sfnewg_10ga_10cm_05.csv
-0.06593899999999975,0.06000000000000005,356.49472308158875,1034.0,1047.0,1007_350ulm_2.5NaCl_sfnewg_10ga_10cm_05.csv
-0.05581000000000014,0.04899999999999993,365.807165145874,1061.0,1086.0,1007_350ulm_2.5NaCl_sfnewg_10ga_10cm_05.csv
-0.09798000000000018,0.059,32.58563685417175,95.0,109.0,1007_350ulm_2.5NaCl_sfnewg_10ga_10cm_06.csv
-0.09115899999999999,0.052000000000000005,41.55423712730408,121.0,137.0,1007_350ulm_2.5NaCl_sfnewg_10ga_10cm_06.csv
-0.09487940000000006,0.054000000000000006,51.89835906028748,151.0,166.0,1007_350ulm_2.5NaCl_sfnewg_10ga_10cm_06.csv
-0.07172800000000001,0.05199999999999999,61.55514216423035,179.0,193.0,1007_350ulm_2.5NaCl_sfnewg_10ga_10cm_06.csv
-0.054157800000000034,0.05000000000000002,70.86850905418396,206.0,221.0,1007_350ulm_2.5NaCl_sfnewg_10ga_10cm_06.csv
-0.07627570000000006,0.05499999999999999,80.52847957611084,234.0,249.0,1007_350ulm_2.5NaCl_sfnewg_10ga_10cm_06.csv
-0.0473363,0.057999999999999996,90.18844819068909,262.0,276.0,1007_350ulm_2.5NaCl_sfnewg_10ga_10cm_06.csv
-0.07193479999999997,0.05299999999999999,99.50341892242432,289.0,304.0,1007_350ulm_2.5NaCl_sfnewg_10ga_10cm_06.csv
-0.054571099999999984,0.059,109.50838446617126,318.0,333.0,1007_350ulm_2.5NaCl_sfnewg_10ga_10cm_06.csv
-0.1000472,0.05700000000000005,119.1683542728424,346.0,359.0,1007_350ulm_2.5NaCl_sfnewg_10ga_10cm_06.csv
-0.06469989999999992,0.050999999999999934,127.7933259010315,371.0,384.0,1007_350ulm_2.5NaCl_sfnewg_10ga_10cm_06.csv
-0.07668900000000001,0.05500000000000005,136.41829895973206,396.0,411.0,1007_350ulm_2.5NaCl_sfnewg_10ga_10cm_06.csv
-0.10314780000000001,0.05899999999999994,146.07826852798462,424.0,440.0,1007_350ulm_2.5NaCl_sfnewg_10ga_10cm_06.csv
-0.05498459999999994,0.05900000000000005,156.42774987220764,454.0,469.0,1007_350ulm_2.5NaCl_sfnewg_10ga_10cm_06.csv
-0.09735989999999994,0.05599999999999994,166.42926168441772,483.0,498.0,1007_350ulm_2.5NaCl_sfnewg_10ga_10cm_06.csv
-0.10562830000000001,0.05900000000000005,176.0853705406189,511.0,526.0,1007_350ulm_2.5NaCl_sfnewg_10ga_10cm_06.csv
-0.08991839999999995,0.04800000000000004,185.74438214302063,539.0,553.0,1007_350ulm_2.5NaCl_sfnewg_10ga_10cm_06.csv
-0.06966110000000003,0.04999999999999993,195.056985616684,566.0,580.0,1007_350ulm_2.5NaCl_sfnewg_10ga_10cm_06.csv
-0.09301910000000002,0.052000000000000046,204.02446389198303,592.0,606.0,1007_350ulm_2.5NaCl_sfnewg_10ga_10cm_06.csv
-0.09012520000000002,0.052999999999999936,213.33802723884585,619.0,634.0,1007_350ulm_2.5NaCl_sfnewg_10ga_10cm_06.csv
-0.05064350000000006,0.06099999999999994,222.99799704551697,647.0,662.0,1007_350ulm_2.5NaCl_sfnewg_10ga_10cm_06.csv
-0.09322579999999991,0.05400000000000005,232.65796494483948,675.0,690.0,1007_350ulm_2.5NaCl_sfnewg_10ga_10cm_06.csv
-0.07792940000000004,0.05699999999999994,242.31549978256223,703.0,717.0,1007_350ulm_2.5NaCl_sfnewg_10ga_10cm_06.csv
-0.0818567,0.05300000000000016,251.2838714122772,729.0,743.0,1007_350ulm_2.5NaCl_sfnewg_10ga_10cm_06.csv
-0.058911990000000136,0.05400000000000005,260.2498321533203,755.0,768.0,1007_350ulm_2.5NaCl_sfnewg_10ga_10cm_06.csv
-0.06387311000000007,0.05599999999999983,268.87543511390686,780.0,797.0,1007_350ulm_2.5NaCl_sfnewg_10ga_10cm_06.csv
-0.09074550299999995,0.061000000000000165,279.91651463508606,812.0,827.0,1007_350ulm_2.5NaCl_sfnewg_10ga_10cm_06.csv
-0.05725838999999988,0.05999999999999983,289.91907835006714,841.0,855.0,1007_350ulm_2.5NaCl_sfnewg_10ga_10cm_06.csv
-0.06986739899999983,0.049000000000000155,299.2304935455322,868.0,883.0,1007_350ulm_2.5NaCl_sfnewg_10ga_10cm_06.csv
-0.09446610999999994,0.05499999999999994,308.8934848308563,896.0,911.0,1007_350ulm_2.5NaCl_sfnewg_10ga_10cm_06.csv
-0.05188389999999998,0.05699999999999994,318.8927161693573,925.0,939.0,1007_350ulm_2.5NaCl_sfnewg_10ga_10cm_06.csv
-0.07854990000000006,0.050000000000000044,328.2040295600891,952.0,966.0,1007_350ulm_2.5NaCl_sfnewg_10ga_10cm_06.csv
-0.07028119999999993,0.052000000000000046,337.51899886131287,979.0,993.0,1007_350ulm_2.5NaCl_sfnewg_10ga_10cm_06.csv
-0.07937630000000007,0.05400000000000005,346.83160066604614,1006.0,1019.0,1007_350ulm_2.5NaCl_sfnewg_10ga_10cm_06.csv
-0.05043679999999995,0.052999999999999936,355.45382809638977,1031.0,1046.0,1007_350ulm_2.5NaCl_sfnewg_10ga_10cm_06.csv
-0.05395129999999981,0.05699999999999994,365.8012719154358,1061.0,1086.0,1007_350ulm_2.5NaCl_sfnewg_10ga_10cm_06.csv
-0.08454399999999995,0.061,33.62603187561035,98.0,112.0,1007_350ulm_2.5NaCl_sfnewg_10ga_10cm_07.csv
-0.07276139999999998,0.049,42.58973383903504,124.0,137.0,1007_350ulm_2.5NaCl_sfnewg_10ga_10cm_07.csv
-0.05684480000000014,0.05600000000000001,51.21135950088501,149.0,164.0,1007_350ulm_2.5NaCl_sfnewg_10ga_10cm_07.csv
-0.0866108000000001,0.057999999999999996,60.86860275268555,177.0,191.0,1007_350ulm_2.5NaCl_sfnewg_10ga_10cm_07.csv
-0.09260570000000001,0.05700000000000002,70.18085932731628,204.0,219.0,1007_350ulm_2.5NaCl_sfnewg_10ga_10cm_07.csv
-0.10459469999999993,0.06,80.18582844734192,233.0,249.0,1007_350ulm_2.5NaCl_sfnewg_10ga_10cm_07.csv
-0.055811399999999955,0.056999999999999995,90.53579568862916,263.0,277.0,1007_350ulm_2.5NaCl_sfnewg_10ga_10cm_07.csv
-0.053537600000000074,0.04999999999999999,99.50602054595949,289.0,304.0,1007_350ulm_2.5NaCl_sfnewg_10ga_10cm_07.csv
-0.09219219999999995,0.05199999999999999,109.50932621955872,318.0,333.0,1007_350ulm_2.5NaCl_sfnewg_10ga_10cm_07.csv
-0.09798010000000001,0.05700000000000005,119.51169776916504,347.0,362.0,1007_350ulm_2.5NaCl_sfnewg_10ga_10cm_07.csv
-0.062219399999999925,0.05599999999999994,129.17061161994934,375.0,390.0,1007_350ulm_2.5NaCl_sfnewg_10ga_10cm_07.csv
-0.05167719999999998,0.05500000000000005,138.83058166503906,403.0,416.0,1007_350ulm_2.5NaCl_sfnewg_10ga_10cm_07.csv
-0.05560480000000001,0.050999999999999934,147.4555549621582,428.0,442.0,1007_350ulm_2.5NaCl_sfnewg_10ga_10cm_07.csv
-0.08289040000000003,0.05300000000000005,156.42552638053894,454.0,469.0,1007_350ulm_2.5NaCl_sfnewg_10ga_10cm_07.csv
-0.0653201000000001,0.05899999999999994,166.4304962158203,483.0,498.0,1007_350ulm_2.5NaCl_sfnewg_10ga_10cm_07.csv
-0.06532000000000004,0.05700000000000005,176.0904655456543,511.0,524.0,1007_350ulm_2.5NaCl_sfnewg_10ga_10cm_07.csv
-0.04650949999999998,0.04700000000000004,184.3704404830933,535.0,548.0,1007_350ulm_2.5NaCl_sfnewg_10ga_10cm_07.csv
-0.05601810000000007,0.05399999999999994,192.65041399002075,559.0,572.0,1007_350ulm_2.5NaCl_sfnewg_10ga_10cm_07.csv
-0.09673980000000004,0.049000000000000044,200.92934393882751,583.0,597.0,1007_350ulm_2.5NaCl_sfnewg_10ga_10cm_07.csv
-0.08578419999999998,0.05499999999999994,210.24084329605105,610.0,625.0,1007_350ulm_2.5NaCl_sfnewg_10ga_10cm_07.csv
-0.10872899999999996,0.05899999999999994,220.24282264709475,639.0,655.0,1007_350ulm_2.5NaCl_sfnewg_10ga_10cm_07.csv
-0.06945440000000008,0.05700000000000016,230.93299889564517,670.0,685.0,1007_350ulm_2.5NaCl_sfnewg_10ga_10cm_07.csv
-0.06656019999999985,0.05599999999999983,240.9365518093109,699.0,714.0,1007_350ulm_2.5NaCl_sfnewg_10ga_10cm_07.csv
-0.09901350000000014,0.052000000000000046,250.94152307510376,728.0,742.0,1007_350ulm_2.5NaCl_sfnewg_10ga_10cm_07.csv
-0.053537500000000016,0.051000000000000156,259.908686876297,754.0,768.0,1007_350ulm_2.5NaCl_sfnewg_10ga_10cm_07.csv
-0.061185900000000126,0.05499999999999994,269.2226848602295,781.0,795.0,1007_350ulm_2.5NaCl_sfnewg_10ga_10cm_07.csv
-0.0926054999999999,0.05800000000000005,278.5376822948456,808.0,822.0,1007_350ulm_2.5NaCl_sfnewg_10ga_10cm_07.csv
-0.07586240000000011,0.052999999999999936,287.85265469551086,835.0,848.0,1007_350ulm_2.5NaCl_sfnewg_10ga_10cm_07.csv
-0.06573349999999989,0.050999999999999934,296.4776289463043,860.0,874.0,1007_350ulm_2.5NaCl_sfnewg_10ga_10cm_07.csv
-0.07462199999999997,0.052000000000000046,305.7901694774628,887.0,902.0,1007_350ulm_2.5NaCl_sfnewg_10ga_10cm_07.csv
-0.10046049999999995,0.05899999999999994,315.44777512550354,915.0,929.0,1007_350ulm_2.5NaCl_sfnewg_10ga_10cm_07.csv
-0.06035900000000005,0.05600000000000005,324.7578768730164,942.0,956.0,1007_350ulm_2.5NaCl_sfnewg_10ga_10cm_07.csv
-0.06656030000000002,0.05400000000000005,333.7237341403961,968.0,983.0,1007_350ulm_2.5NaCl_sfnewg_10ga_10cm_07.csv
-0.08289039999999992,0.052999999999999936,343.38282561302185,996.0,1008.0,1007_350ulm_2.5NaCl_sfnewg_10ga_10cm_07.csv
-0.07999629999999991,0.04899999999999993,351.3161852359772,1019.0,1034.0,1007_350ulm_2.5NaCl_sfnewg_10ga_10cm_07.csv
-0.056431579999999815,0.05500000000000016,360.97293186187744,1047.0,1061.0,1007_350ulm_2.5NaCl_sfnewg_10ga_10cm_07.csv
-0.06738721999999997,0.05600000000000005,370.97333431243896,1076.0,1101.0,1007_350ulm_2.5NaCl_sfnewg_10ga_10cm_07.csv
-0.07358799999999999,0.054,38.45348024368286,112.0,127.0,1007_350ulm_2.5NaCl_sfnewg_10ga_10cm_08.csv
-0.08454399999999995,0.053,48.4542248249054,141.0,154.0,1007_350ulm_2.5NaCl_sfnewg_10ga_10cm_08.csv
-0.06035900000000005,0.05,57.07919764518738,166.0,180.0,1007_350ulm_2.5NaCl_sfnewg_10ga_10cm_08.csv
-0.10686800000000019,0.056999999999999995,66.39416980743408,193.0,206.0,1007_350ulm_2.5NaCl_sfnewg_10ga_10cm_08.csv
-0.053745000000000154,0.05100000000000002,75.01709651947021,218.0,231.0,1007_350ulm_2.5NaCl_sfnewg_10ga_10cm_08.csv
-0.05891199999999985,0.04899999999999999,83.63906598091125,243.0,258.0,1007_350ulm_2.5NaCl_sfnewg_10ga_10cm_08.csv
-0.09735999999999989,0.06,93.64152503013612,272.0,286.0,1007_350ulm_2.5NaCl_sfnewg_10ga_10cm_08.csv
-0.05209099999999989,0.05499999999999999,102.95529437065125,299.0,314.0,1007_350ulm_2.5NaCl_sfnewg_10ga_10cm_08.csv
-0.0892980000000001,0.057999999999999996,112.95703029632568,328.0,343.0,1007_350ulm_2.5NaCl_sfnewg_10ga_10cm_08.csv
-0.10955599999999999,0.05900000000000005,122.95793199539185,357.0,371.0,1007_350ulm_2.5NaCl_sfnewg_10ga_10cm_08.csv
-0.06035900000000005,0.05599999999999994,132.26800417900083,384.0,398.0,1007_350ulm_2.5NaCl_sfnewg_10ga_10cm_08.csv
-0.09219250000000001,0.05700000000000005,141.57516145706177,411.0,426.0,1007_350ulm_2.5NaCl_sfnewg_10ga_10cm_08.csv
-0.07028139999999994,0.05499999999999994,151.57512402534485,440.0,454.0,1007_350ulm_2.5NaCl_sfnewg_10ga_10cm_08.csv
-0.09487929999999989,0.05300000000000005,160.8913390636444,467.0,481.0,1007_350ulm_2.5NaCl_sfnewg_10ga_10cm_08.csv
-0.09281229999999996,0.04799999999999993,170.2063126564026,494.0,509.0,1007_350ulm_2.5NaCl_sfnewg_10ga_10cm_08.csv
-0.08268350000000002,0.05400000000000005,179.86381697654724,522.0,536.0,1007_350ulm_2.5NaCl_sfnewg_10ga_10cm_08.csv
-0.05663830000000003,0.052000000000000046,189.17865085601807,549.0,563.0,1007_350ulm_2.5NaCl_sfnewg_10ga_10cm_08.csv
-0.07234810000000003,0.05399999999999994,198.1475615501404,575.0,588.0,1007_350ulm_2.5NaCl_sfnewg_10ga_10cm_08.csv
-0.044028999999999985,0.051999999999999935,206.7725355625153,600.0,613.0,1007_350ulm_2.5NaCl_sfnewg_10ga_10cm_08.csv
-0.07751580000000002,0.050000000000000044,215.0525133609772,624.0,638.0,1007_350ulm_2.5NaCl_sfnewg_10ga_10cm_08.csv
-0.0789628,0.050999999999999934,224.02248406410217,650.0,665.0,1007_350ulm_2.5NaCl_sfnewg_10ga_10cm_08.csv
-0.10087400000000002,0.05600000000000005,233.68245601654053,678.0,691.0,1007_350ulm_2.5NaCl_sfnewg_10ga_10cm_08.csv
-0.09074519999999997,0.049000000000000155,241.96242928504944,702.0,715.0,1007_350ulm_2.5NaCl_sfnewg_10ga_10cm_08.csv
-0.06242619999999999,0.04899999999999993,250.2424066066742,726.0,740.0,1007_350ulm_2.5NaCl_sfnewg_10ga_10cm_08.csv
-0.08971169999999995,0.05499999999999994,259.2123782634735,752.0,768.0,1007_350ulm_2.5NaCl_sfnewg_10ga_10cm_08.csv
-0.05560469999999995,0.05699999999999994,269.56234645843506,782.0,796.0,1007_350ulm_2.5NaCl_sfnewg_10ga_10cm_08.csv
-0.10459479999999999,0.05500000000000016,278.53232049942017,808.0,822.0,1007_350ulm_2.5NaCl_sfnewg_10ga_10cm_08.csv
-0.05767179999999994,0.04899999999999993,287.8459026813507,835.0,848.0,1007_350ulm_2.5NaCl_sfnewg_10ga_10cm_08.csv
-0.05498449999999999,0.052999999999999936,296.4684348106384,860.0,876.0,1007_350ulm_2.5NaCl_sfnewg_10ga_10cm_08.csv
-0.06449329999999998,0.05500000000000016,306.8133044242859,890.0,905.0,1007_350ulm_2.5NaCl_sfnewg_10ga_10cm_08.csv
-0.07358850000000006,0.05599999999999983,316.8169710636139,919.0,934.0,1007_350ulm_2.5NaCl_sfnewg_10ga_10cm_08.csv
-0.07999630000000002,0.05700000000000016,326.8185348510742,948.0,961.0,1007_350ulm_2.5NaCl_sfnewg_10ga_10cm_08.csv
-0.09074519999999997,0.051999999999999824,335.4440801143646,973.0,986.0,1007_350ulm_2.5NaCl_sfnewg_10ga_10cm_08.csv
-0.07234809999999992,0.05400000000000005,344.06879019737244,998.0,1012.0,1007_350ulm_2.5NaCl_sfnewg_10ga_10cm_08.csv
-0.04588930000000002,0.049000000000000155,353.0358085632324,1024.0,1037.0,1007_350ulm_2.5NaCl_sfnewg_10ga_10cm_08.csv
-0.05953210000000003,0.050999999999999934,361.6594440937042,1049.0,1062.0,1007_350ulm_2.5NaCl_sfnewg_10ga_10cm_08.csv
-0.04196169999999988,0.05400000000000005,370.6253492832184,1075.0,1100.0,1007_350ulm_2.5NaCl_sfnewg_10ga_10cm_08.csv
-0.0421689999999999,0.072,37.768569231033325,110.0,124.0,1007_350ulm_2.5NaCl_sfnewg_10ga_10cm_09.csv
-0.06263280000000004,0.05800000000000001,47.08076190948486,137.0,152.0,1007_350ulm_2.5NaCl_sfnewg_10ga_10cm_09.csv
-0.06221929999999998,0.06,57.08475589752197,166.0,180.0,1007_350ulm_2.5NaCl_sfnewg_10ga_10cm_09.csv
-0.06573339999999994,0.05399999999999999,66.05542826652527,192.0,207.0,1007_350ulm_2.5NaCl_sfnewg_10ga_10cm_09.csv
-0.0628396000000001,0.056999999999999995,75.71521329879761,220.0,236.0,1007_350ulm_2.5NaCl_sfnewg_10ga_10cm_09.csv
-0.08061649999999998,0.06,86.063396692276,250.0,265.0,1007_350ulm_2.5NaCl_sfnewg_10ga_10cm_09.csv
-0.050436999999999954,0.056999999999999995,96.06836700439452,279.0,294.0,1007_350ulm_2.5NaCl_sfnewg_10ga_10cm_09.csv
-0.09736,0.059,106.07333755493164,308.0,323.0,1007_350ulm_2.5NaCl_sfnewg_10ga_10cm_09.csv
-0.0996338,0.05600000000000005,116.07830905914308,337.0,350.0,1007_350ulm_2.5NaCl_sfnewg_10ga_10cm_09.csv
-0.05498460000000005,0.052999999999999936,124.7037227153778,362.0,376.0,1007_350ulm_2.5NaCl_sfnewg_10ga_10cm_09.csv
-0.057671799999999995,0.05900000000000005,133.6683213710785,388.0,402.0,1007_350ulm_2.5NaCl_sfnewg_10ga_10cm_09.csv
-0.058085300000000006,0.04899999999999993,142.63459420204163,414.0,429.0,1007_350ulm_2.5NaCl_sfnewg_10ga_10cm_09.csv
-0.06221940000000009,0.05700000000000005,152.29519128799438,442.0,456.0,1007_350ulm_2.5NaCl_sfnewg_10ga_10cm_09.csv
-0.06387309999999996,0.05600000000000005,161.60663223266602,469.0,483.0,1007_350ulm_2.5NaCl_sfnewg_10ga_10cm_09.csv
-0.05415759999999997,0.05499999999999994,170.57561421394348,495.0,509.0,1007_350ulm_2.5NaCl_sfnewg_10ga_10cm_09.csv
-0.10252779999999995,0.05500000000000005,179.54266715049744,521.0,536.0,1007_350ulm_2.5NaCl_sfnewg_10ga_10cm_09.csv
-0.06924740000000001,0.05799999999999994,189.19984817504883,549.0,565.0,1007_350ulm_2.5NaCl_sfnewg_10ga_10cm_09.csv
-0.09425910000000004,0.05900000000000005,199.54654335975647,579.0,594.0,1007_350ulm_2.5NaCl_sfnewg_10ga_10cm_09.csv
-0.057051900000000044,0.05800000000000005,209.5469937324524,608.0,624.0,1007_350ulm_2.5NaCl_sfnewg_10ga_10cm_09.csv
-0.05457120000000004,0.05899999999999994,220.2412130832672,639.0,653.0,1007_350ulm_2.5NaCl_sfnewg_10ga_10cm_09.csv
-0.05643151999999996,0.050000000000000044,229.5562126636505,666.0,679.0,1007_350ulm_2.5NaCl_sfnewg_10ga_10cm_09.csv
-0.09467275399999997,0.04999999999999982,238.18224477767944,691.0,704.0,1007_350ulm_2.5NaCl_sfnewg_10ga_10cm_09.csv
-0.08082288000000004,0.050000000000000044,246.8099284172058,716.0,729.0,1007_350ulm_2.5NaCl_sfnewg_10ga_10cm_09.csv
-0.10128795999999995,0.05400000000000005,255.4345235824585,741.0,754.0,1007_350ulm_2.5NaCl_sfnewg_10ga_10cm_09.csv
-0.09095170000000019,0.050999999999999934,264.0586359500885,766.0,780.0,1007_350ulm_2.5NaCl_sfnewg_10ga_10cm_09.csv
-0.07276159999999998,0.05500000000000016,273.3713178634644,793.0,809.0,1007_350ulm_2.5NaCl_sfnewg_10ga_10cm_09.csv
-0.06387319999999996,0.05999999999999983,283.720351934433,823.0,836.0,1007_350ulm_2.5NaCl_sfnewg_10ga_10cm_09.csv
-0.0913653000000001,0.050000000000000044,292.3453280925751,848.0,863.0,1007_350ulm_2.5NaCl_sfnewg_10ga_10cm_09.csv
-0.10252759999999994,0.06099999999999994,302.004355430603,876.0,890.0,1007_350ulm_2.5NaCl_sfnewg_10ga_10cm_09.csv
-0.10583480000000023,0.05700000000000016,311.318455696106,903.0,918.0,1007_350ulm_2.5NaCl_sfnewg_10ga_10cm_09.csv
-0.0661468999999999,0.05699999999999994,321.3234510421753,932.0,947.0,1007_350ulm_2.5NaCl_sfnewg_10ga_10cm_09.csv
-0.09591300000000014,0.05800000000000005,330.9876172542572,960.0,974.0,1007_350ulm_2.5NaCl_sfnewg_10ga_10cm_09.csv
-0.05188409999999988,0.04899999999999993,340.30116510391235,987.0,1001.0,1007_350ulm_2.5NaCl_sfnewg_10ga_10cm_09.csv
-0.044235400000000036,0.050999999999999934,349.27114272117615,1013.0,1028.0,1007_350ulm_2.5NaCl_sfnewg_10ga_10cm_09.csv
-0.054157800000000034,0.05700000000000016,358.93111205101013,1041.0,1055.0,1007_350ulm_2.5NaCl_sfnewg_10ga_10cm_09.csv
-0.09301910000000002,0.052999999999999714,368.5871787071228,1069.0,1094.0,1007_350ulm_2.5NaCl_sfnewg_10ga_10cm_09.csv
-0.04878300000000002,0.057,35.35540580749512,103.0,116.0,1007_350ulm_2.5NaCl_sfnewg_10ga_10cm_10.csv
-0.09033219999999997,0.052,43.97841024398804,128.0,142.0,1007_350ulm_2.5NaCl_sfnewg_10ga_10cm_10.csv
-0.05023080000000002,0.051000000000000004,52.94538307189941,154.0,169.0,1007_350ulm_2.5NaCl_sfnewg_10ga_10cm_10.csv
-0.08826459999999992,0.062,62.60235619544983,182.0,197.0,1007_350ulm_2.5NaCl_sfnewg_10ga_10cm_10.csv
-0.08681780000000006,0.059000000000000025,72.60586333274841,211.0,227.0,1007_350ulm_2.5NaCl_sfnewg_10ga_10cm_10.csv
-0.06325289999999995,0.059,82.95485615730286,241.0,256.0,1007_350ulm_2.5NaCl_sfnewg_10ga_10cm_10.csv
-0.10190759999999988,0.057999999999999996,92.95982813835144,270.0,284.0,1007_350ulm_2.5NaCl_sfnewg_10ga_10cm_10.csv
-0.07048770000000004,0.057999999999999996,102.2748019695282,297.0,311.0,1007_350ulm_2.5NaCl_sfnewg_10ga_10cm_10.csv
-0.04981690000000005,0.05299999999999999,111.58979868888856,324.0,338.0,1007_350ulm_2.5NaCl_sfnewg_10ga_10cm_10.csv
-0.07172800000000012,0.052000000000000046,120.55835509300232,350.0,365.0,1007_350ulm_2.5NaCl_sfnewg_10ga_10cm_10.csv
-0.05932550000000003,0.05399999999999994,130.21832728385925,378.0,393.0,1007_350ulm_2.5NaCl_sfnewg_10ga_10cm_10.csv
-0.09487940000000006,0.05500000000000005,139.87829899787903,406.0,421.0,1007_350ulm_2.5NaCl_sfnewg_10ga_10cm_10.csv
-0.05767180000000005,0.04999999999999993,149.53827214241028,434.0,448.0,1007_350ulm_2.5NaCl_sfnewg_10ga_10cm_10.csv
-0.07131449999999995,0.050000000000000044,158.50824689865112,460.0,475.0,1007_350ulm_2.5NaCl_sfnewg_10ga_10cm_10.csv
-0.063253,0.05899999999999994,168.16821908950806,488.0,502.0,1007_350ulm_2.5NaCl_sfnewg_10ga_10cm_10.csv
-0.08144330000000011,0.05500000000000005,177.48319387435913,515.0,529.0,1007_350ulm_2.5NaCl_sfnewg_10ga_10cm_10.csv
-0.04857650000000002,0.05599999999999994,186.4531686306,541.0,555.0,1007_350ulm_2.5NaCl_sfnewg_10ga_10cm_10.csv
-0.09281220000000001,0.052000000000000046,195.4196975231171,567.0,580.0,1007_350ulm_2.5NaCl_sfnewg_10ga_10cm_10.csv
-0.09860010000000002,0.04899999999999993,204.04467487335205,592.0,605.0,1007_350ulm_2.5NaCl_sfnewg_10ga_10cm_10.csv
-0.08309690000000003,0.04800000000000004,212.32465052604675,616.0,629.0,1007_350ulm_2.5NaCl_sfnewg_10ga_10cm_10.csv
-0.04961009999999999,0.04800000000000004,220.60462713241577,640.0,652.0,1007_350ulm_2.5NaCl_sfnewg_10ga_10cm_10.csv
-0.09157209999999999,0.04899999999999993,228.53960490226743,663.0,676.0,1007_350ulm_2.5NaCl_sfnewg_10ga_10cm_10.csv
-0.0659401999999999,0.049000000000000155,237.16458082199097,688.0,701.0,1007_350ulm_2.5NaCl_sfnewg_10ga_10cm_10.csv
-0.07503510000000002,0.04799999999999982,245.44455742836,712.0,726.0,1007_350ulm_2.5NaCl_sfnewg_10ga_10cm_10.csv
-0.09984039999999994,0.05700000000000016,254.7595307826996,739.0,754.0,1007_350ulm_2.5NaCl_sfnewg_10ga_10cm_10.csv
-0.06366660000000013,0.053999999999999826,264.41655802726746,767.0,781.0,1007_350ulm_2.5NaCl_sfnewg_10ga_10cm_10.csv
-0.08351020000000009,0.05400000000000005,273.72811126708984,794.0,809.0,1007_350ulm_2.5NaCl_sfnewg_10ga_10cm_10.csv
-0.08371720000000005,0.05499999999999994,283.73308515548706,823.0,838.0,1007_350ulm_2.5NaCl_sfnewg_10ga_10cm_10.csv
-0.07875630000000011,0.05500000000000016,293.7380554676056,852.0,866.0,1007_350ulm_2.5NaCl_sfnewg_10ga_10cm_10.csv
-0.056845000000000034,0.04899999999999993,302.7080318927765,878.0,890.0,1007_350ulm_2.5NaCl_sfnewg_10ga_10cm_10.csv
-0.08867817000000011,0.04899999999999993,310.6420078277588,901.0,915.0,1007_350ulm_2.5NaCl_sfnewg_10ga_10cm_10.csv
-0.08268364399999995,0.05900000000000016,319.95800375938416,928.0,943.0,1007_350ulm_2.5NaCl_sfnewg_10ga_10cm_10.csv
-0.05746499100000002,0.05899999999999994,329.96297574043274,957.0,971.0,1007_350ulm_2.5NaCl_sfnewg_10ga_10cm_10.csv
-0.08061649999999998,0.05699999999999994,339.27794885635376,984.0,1000.0,1007_350ulm_2.5NaCl_sfnewg_10ga_10cm_10.csv
-0.11038252000000004,0.05899999999999994,349.9729197025299,1015.0,1028.0,1007_350ulm_2.5NaCl_sfnewg_10ga_10cm_10.csv
-0.06345959899999998,0.049000000000000155,358.2528965473175,1039.0,1051.0,1007_350ulm_2.5NaCl_sfnewg_10ga_10cm_10.csv
-0.09632645000000006,0.050000000000000044,366.5328731536865,1063.0,1088.0,1007_350ulm_2.5NaCl_sfnewg_10ga_10cm_10.csv
-0.08702500000000013,0.054,32.93590569496155,96.0,111.0,1007_350ulm_2.5NaCl_sfnewg_10ga_10cm_11.csv
-0.07772200000000007,0.057,42.93644905090332,125.0,140.0,1007_350ulm_2.5NaCl_sfnewg_10ga_10cm_11.csv
-0.09074499999999985,0.05600000000000001,52.93944311141968,154.0,167.0,1007_350ulm_2.5NaCl_sfnewg_10ga_10cm_11.csv
-0.05188399999999982,0.05099999999999999,61.559486627578735,179.0,194.0,1007_350ulm_2.5NaCl_sfnewg_10ga_10cm_11.csv
-0.08557799999999993,0.058000000000000024,71.56148076057434,208.0,223.0,1007_350ulm_2.5NaCl_sfnewg_10ga_10cm_11.csv
-0.04774900000000004,0.04899999999999999,81.2199637889862,236.0,251.0,1007_350ulm_2.5NaCl_sfnewg_10ga_10cm_11.csv
-0.042994999999999894,0.05299999999999999,90.87549090385436,264.0,277.0,1007_350ulm_2.5NaCl_sfnewg_10ga_10cm_11.csv
-0.0605659999999999,0.05199999999999999,99.500465631485,289.0,304.0,1007_350ulm_2.5NaCl_sfnewg_10ga_10cm_11.csv
-0.10314800000000002,0.057999999999999996,109.15746307373048,317.0,332.0,1007_350ulm_2.5NaCl_sfnewg_10ga_10cm_11.csv
-0.06304599999999994,0.05700000000000005,118.81400394439696,345.0,359.0,1007_350ulm_2.5NaCl_sfnewg_10ga_10cm_11.csv
-0.0874379999999999,0.05599999999999994,128.1245412826538,372.0,387.0,1007_350ulm_2.5NaCl_sfnewg_10ga_10cm_11.csv
-0.07007400000000019,0.05800000000000005,137.78107976913452,400.0,416.0,1007_350ulm_2.5NaCl_sfnewg_10ga_10cm_11.csv
-0.06387300000000007,0.061999999999999944,148.47207689285278,431.0,443.0,1007_350ulm_2.5NaCl_sfnewg_10ga_10cm_11.csv
-0.04857599999999995,0.04600000000000004,156.4055688381195,454.0,468.0,1007_350ulm_2.5NaCl_sfnewg_10ga_10cm_11.csv
-0.09487899999999994,0.05599999999999994,165.37258911132812,480.0,496.0,1007_350ulm_2.5NaCl_sfnewg_10ga_10cm_11.csv
-0.09839399999999987,0.05900000000000005,175.72256183624268,510.0,526.0,1007_350ulm_2.5NaCl_sfnewg_10ga_10cm_11.csv
-0.08206399999999991,0.05599999999999994,186.0650773048401,540.0,555.0,1007_350ulm_2.5NaCl_sfnewg_10ga_10cm_11.csv
-0.10232079999999999,0.06000000000000005,196.05914425849917,569.0,584.0,1007_350ulm_2.5NaCl_sfnewg_10ga_10cm_11.csv
-0.0892984,0.05499999999999994,205.71911811828613,597.0,613.0,1007_350ulm_2.5NaCl_sfnewg_10ga_10cm_11.csv
-0.08764470000000013,0.05700000000000016,216.06908917427063,627.0,643.0,1007_350ulm_2.5NaCl_sfnewg_10ga_10cm_11.csv
-0.09860020000000003,0.05699999999999994,226.4190618991852,657.0,670.0,1007_350ulm_2.5NaCl_sfnewg_10ga_10cm_11.csv
-0.08247689999999996,0.04899999999999993,235.04403829574585,682.0,695.0,1007_350ulm_2.5NaCl_sfnewg_10ga_10cm_11.csv
-0.10335450000000002,0.052999999999999936,243.32401633262637,706.0,719.0,1007_350ulm_2.5NaCl_sfnewg_10ga_10cm_11.csv
-0.055811399999999955,0.050000000000000044,251.94899249076843,731.0,745.0,1007_350ulm_2.5NaCl_sfnewg_10ga_10cm_11.csv
-0.08516409999999996,0.05300000000000016,260.91847825050354,757.0,773.0,1007_350ulm_2.5NaCl_sfnewg_10ga_10cm_11.csv
-0.0659402,0.06199999999999983,271.2684509754181,787.0,803.0,1007_350ulm_2.5NaCl_sfnewg_10ga_10cm_11.csv
-0.05767180000000005,0.061000000000000165,281.9634222984314,818.0,833.0,1007_350ulm_2.5NaCl_sfnewg_10ga_10cm_11.csv
-0.09735990000000005,0.06199999999999983,291.9684188365936,847.0,864.0,1007_350ulm_2.5NaCl_sfnewg_10ga_10cm_11.csv
-0.06594009999999995,0.06300000000000017,303.35240840911865,880.0,896.0,1007_350ulm_2.5NaCl_sfnewg_10ga_10cm_11.csv
-0.06263280000000004,0.05799999999999983,313.7023799419403,910.0,924.0,1007_350ulm_2.5NaCl_sfnewg_10ga_10cm_11.csv
-0.05395110000000003,0.049000000000000155,322.67235589027405,936.0,949.0,1007_350ulm_2.5NaCl_sfnewg_10ga_10cm_11.csv
-0.03968800000000006,0.051999999999999824,331.297334432602,961.0,975.0,1007_350ulm_2.5NaCl_sfnewg_10ga_10cm_11.csv
-0.10397470000000009,0.05500000000000016,340.6123075485229,988.0,1003.0,1007_350ulm_2.5NaCl_sfnewg_10ga_10cm_11.csv
-0.08557759999999992,0.05499999999999994,350.2722821235657,1016.0,1031.0,1007_350ulm_2.5NaCl_sfnewg_10ga_10cm_11.csv
-0.0977733999999999,0.052999999999999936,360.27725410461426,1045.0,1058.0,1007_350ulm_2.5NaCl_sfnewg_10ga_10cm_11.csv
-0.05705170000000004,0.05600000000000005,369.5922284126282,1072.0,1097.0,1007_350ulm_2.5NaCl_sfnewg_10ga_10cm_11.csv
-0.05519149999999995,0.059,36.05041146278381,105.0,120.0,1007_350ulm_2.5NaCl_sfnewg_10ga_10cm_12.csv
-0.06883390000000011,0.05700000000000001,45.70441269874573,133.0,148.0,1007_350ulm_2.5NaCl_sfnewg_10ga_10cm_12.csv
-0.06924739999999996,0.05799999999999998,55.7024507522583,162.0,175.0,1007_350ulm_2.5NaCl_sfnewg_10ga_10cm_12.csv
-0.07834300000000005,0.05300000000000002,64.32005858421326,187.0,202.0,1007_350ulm_2.5NaCl_sfnewg_10ga_10cm_12.csv
-0.10004710000000006,0.05699999999999997,73.97307801246643,215.0,229.0,1007_350ulm_2.5NaCl_sfnewg_10ga_10cm_12.csv
-0.09198549999999994,0.05600000000000005,83.28856110572815,242.0,256.0,1007_350ulm_2.5NaCl_sfnewg_10ga_10cm_12.csv
-0.05126379999999997,0.055999999999999994,92.60353589057922,269.0,286.0,1007_350ulm_2.5NaCl_sfnewg_10ga_10cm_12.csv
-0.05705149999999992,0.05499999999999999,103.64350628852844,301.0,314.0,1007_350ulm_2.5NaCl_sfnewg_10ga_10cm_12.csv
-0.06449349999999998,0.04999999999999999,112.26650953292848,326.0,341.0,1007_350ulm_2.5NaCl_sfnewg_10ga_10cm_12.csv
-0.07379459999999993,0.05900000000000005,121.92499780654909,354.0,368.0,1007_350ulm_2.5NaCl_sfnewg_10ga_10cm_12.csv
-0.05581179999999997,0.051999999999999935,131.24592638015747,381.0,395.0,1007_350ulm_2.5NaCl_sfnewg_10ga_10cm_12.csv
-0.09467270000000005,0.05300000000000005,140.22127604484558,407.0,421.0,1007_350ulm_2.5NaCl_sfnewg_10ga_10cm_12.csv
-0.07999640000000008,0.051999999999999935,149.53492712974548,434.0,448.0,1007_350ulm_2.5NaCl_sfnewg_10ga_10cm_12.csv
-0.07172810000000007,0.051000000000000045,158.50308537483215,460.0,474.0,1007_350ulm_2.5NaCl_sfnewg_10ga_10cm_12.csv
-0.09384589999999993,0.052999999999999936,167.47306108474731,486.0,500.0,1007_350ulm_2.5NaCl_sfnewg_10ga_10cm_12.csv
-0.05498459999999994,0.05500000000000005,176.44303584098816,512.0,527.0,1007_350ulm_2.5NaCl_sfnewg_10ga_10cm_12.csv
-0.08102989999999988,0.05600000000000005,186.09989094734192,540.0,555.0,1007_350ulm_2.5NaCl_sfnewg_10ga_10cm_12.csv
-0.09673979999999993,0.05799999999999994,196.10488557815552,569.0,582.0,1007_350ulm_2.5NaCl_sfnewg_10ga_10cm_12.csv
-0.08206340000000001,0.04800000000000004,204.72908234596247,594.0,607.0,1007_350ulm_2.5NaCl_sfnewg_10ga_10cm_12.csv
-0.08268360000000008,0.05499999999999994,213.00802159309387,618.0,632.0,1007_350ulm_2.5NaCl_sfnewg_10ga_10cm_12.csv
-0.09033180000000007,0.050999999999999934,221.9765741825104,644.0,658.0,1007_350ulm_2.5NaCl_sfnewg_10ga_10cm_12.csv
-0.07958290000000001,0.050000000000000044,231.2915496826172,671.0,686.0,1007_350ulm_2.5NaCl_sfnewg_10ga_10cm_12.csv
-0.09611960000000008,0.05899999999999994,241.2965211868286,700.0,715.0,1007_350ulm_2.5NaCl_sfnewg_10ga_10cm_12.csv
-0.05291750000000006,0.05600000000000005,250.95299220085144,728.0,743.0,1007_350ulm_2.5NaCl_sfnewg_10ga_10cm_12.csv
-0.08599090000000009,0.05300000000000016,260.61218452453613,756.0,770.0,1007_350ulm_2.5NaCl_sfnewg_10ga_10cm_12.csv
-0.07999630000000008,0.04899999999999993,269.58140993118286,782.0,796.0,1007_350ulm_2.5NaCl_sfnewg_10ga_10cm_12.csv
-0.08723130000000007,0.052999999999999936,278.89392709732056,809.0,823.0,1007_350ulm_2.5NaCl_sfnewg_10ga_10cm_12.csv
-0.056224800000000075,0.05499999999999994,287.86139273643494,835.0,848.0,1007_350ulm_2.5NaCl_sfnewg_10ga_10cm_12.csv
-0.06366660000000002,0.04700000000000015,296.4840884208679,860.0,873.0,1007_350ulm_2.5NaCl_sfnewg_10ga_10cm_12.csv
-0.08681779999999995,0.05400000000000005,305.10636615753174,885.0,898.0,1007_350ulm_2.5NaCl_sfnewg_10ga_10cm_12.csv
-0.047543100000000005,0.050999999999999934,313.7293767929077,910.0,925.0,1007_350ulm_2.5NaCl_sfnewg_10ga_10cm_12.csv
-0.10376779999999991,0.05899999999999994,323.3858642578125,938.0,954.0,1007_350ulm_2.5NaCl_sfnewg_10ga_10cm_12.csv
-0.08061650000000004,0.05899999999999994,333.7338643074036,968.0,981.0,1007_350ulm_2.5NaCl_sfnewg_10ga_10cm_12.csv
-0.05829190000000001,0.049000000000000155,342.3544864654541,993.0,1006.0,1007_350ulm_2.5NaCl_sfnewg_10ga_10cm_12.csv
-0.05643170000000003,0.053999999999999826,350.6322331428528,1017.0,1031.0,1007_350ulm_2.5NaCl_sfnewg_10ga_10cm_12.csv
-0.061185900000000015,0.051000000000000156,359.6012670993805,1043.0,1056.0,1007_350ulm_2.5NaCl_sfnewg_10ga_10cm_12.csv
-0.0841305,0.04899999999999993,368.9130461215973,1070.0,1095.0,1007_350ulm_2.5NaCl_sfnewg_10ga_10cm_12.csv
-0.0370009,0.065,39.84881019592285,116.0,130.0,1007_350ulm_2.5NaCl_sfnewg_10ga_10cm_13.csv
-0.07462199999999997,0.05299999999999999,48.81753182411194,142.0,156.0,1007_350ulm_2.5NaCl_sfnewg_10ga_10cm_13.csv
-0.06283950000000005,0.05100000000000002,58.13250803947449,169.0,183.0,1007_350ulm_2.5NaCl_sfnewg_10ga_10cm_13.csv
-0.06511339999999999,0.05299999999999999,67.10248565673828,195.0,209.0,1007_350ulm_2.5NaCl_sfnewg_10ga_10cm_13.csv
-0.0551914,0.05600000000000002,76.07110834121704,221.0,234.0,1007_350ulm_2.5NaCl_sfnewg_10ga_10cm_13.csv
-0.051057199999999914,0.04899999999999999,84.69274878501892,246.0,259.0,1007_350ulm_2.5NaCl_sfnewg_10ga_10cm_13.csv
-0.07668910000000001,0.05499999999999999,93.31471419334412,271.0,284.0,1007_350ulm_2.5NaCl_sfnewg_10ga_10cm_13.csv
-0.08144309999999993,0.05199999999999999,101.935852766037,296.0,309.0,1007_350ulm_2.5NaCl_sfnewg_10ga_10cm_13.csv
-0.07441530000000002,0.04899999999999999,110.5598738193512,321.0,335.0,1007_350ulm_2.5NaCl_sfnewg_10ga_10cm_13.csv
-0.07172769999999995,0.05700000000000005,119.8730103969574,348.0,362.0,1007_350ulm_2.5NaCl_sfnewg_10ga_10cm_13.csv
-0.07255470000000008,0.052999999999999936,129.18853664398193,375.0,387.0,1007_350ulm_2.5NaCl_sfnewg_10ga_10cm_13.csv
-0.08227029999999991,0.049000000000000044,137.12117052078247,398.0,412.0,1007_350ulm_2.5NaCl_sfnewg_10ga_10cm_13.csv
-0.09694673000000009,0.05499999999999994,146.0906903743744,424.0,440.0,1007_350ulm_2.5NaCl_sfnewg_10ga_10cm_13.csv
-0.09984049000000006,0.05900000000000005,156.44172167778015,454.0,470.0,1007_350ulm_2.5NaCl_sfnewg_10ga_10cm_13.csv
-0.05808505000000008,0.061999999999999944,166.79120707511902,484.0,499.0,1007_350ulm_2.5NaCl_sfnewg_10ga_10cm_13.csv
-0.052917300000000056,0.05500000000000005,176.45042157173157,512.0,526.0,1007_350ulm_2.5NaCl_sfnewg_10ga_10cm_13.csv
-0.04692324000000003,0.052000000000000046,185.4208936691284,538.0,552.0,1007_350ulm_2.5NaCl_sfnewg_10ga_10cm_13.csv
-0.06697367999999992,0.04899999999999993,194.73689579963684,565.0,579.0,1007_350ulm_2.5NaCl_sfnewg_10ga_10cm_13.csv
-0.07896309999999995,0.052999999999999936,204.04838752746585,592.0,606.0,1007_350ulm_2.5NaCl_sfnewg_10ga_10cm_13.csv
-0.04010069999999999,0.051000000000000156,213.01836609840396,618.0,631.0,1007_350ulm_2.5NaCl_sfnewg_10ga_10cm_13.csv
-0.07834280000000016,0.053999999999999826,221.6433458328247,643.0,656.0,1007_350ulm_2.5NaCl_sfnewg_10ga_10cm_13.csv
-0.09157189999999993,0.05300000000000016,229.923508644104,667.0,680.0,1007_350ulm_2.5NaCl_sfnewg_10ga_10cm_13.csv
-0.043408799999999914,0.04899999999999993,238.5490572452545,692.0,706.0,1007_350ulm_2.5NaCl_sfnewg_10ga_10cm_13.csv
-0.04361579999999998,0.05400000000000005,247.51753425598145,718.0,731.0,1007_350ulm_2.5NaCl_sfnewg_10ga_10cm_13.csv
-0.07648230000000011,0.050999999999999934,256.1408486366272,743.0,757.0,1007_350ulm_2.5NaCl_sfnewg_10ga_10cm_13.csv
-0.06718059999999992,0.052000000000000046,265.45245718955994,770.0,783.0,1007_350ulm_2.5NaCl_sfnewg_10ga_10cm_13.csv
-0.08516389999999996,0.052000000000000046,273.7327091693878,794.0,808.0,1007_350ulm_2.5NaCl_sfnewg_10ga_10cm_13.csv
-0.09301930000000014,0.05400000000000005,283.04616832733154,821.0,835.0,1007_350ulm_2.5NaCl_sfnewg_10ga_10cm_13.csv
-0.08578410000000014,0.04999999999999982,292.35817527771,848.0,861.0,1007_350ulm_2.5NaCl_sfnewg_10ga_10cm_13.csv
-0.05560530000000008,0.05400000000000005,300.9831545352936,873.0,887.0,1007_350ulm_2.5NaCl_sfnewg_10ga_10cm_13.csv
-0.07937590000000005,0.05699999999999994,310.2956385612488,900.0,914.0,1007_350ulm_2.5NaCl_sfnewg_10ga_10cm_13.csv
-0.08826440000000013,0.049000000000000155,319.607088804245,927.0,941.0,1007_350ulm_2.5NaCl_sfnewg_10ga_10cm_13.csv
-0.04113509999999998,0.050999999999999934,328.91932702064514,954.0,968.0,1007_350ulm_2.5NaCl_sfnewg_10ga_10cm_13.csv
-0.05849850000000023,0.050999999999999934,338.2319235801697,981.0,995.0,1007_350ulm_2.5NaCl_sfnewg_10ga_10cm_13.csv
-0.08351050000000004,0.05500000000000016,347.2019028663635,1007.0,1021.0,1007_350ulm_2.5NaCl_sfnewg_10ga_10cm_13.csv
-0.08909140000000004,0.052999999999999936,356.16801500320435,1033.0,1046.0,1007_350ulm_2.5NaCl_sfnewg_10ga_10cm_13.csv
-0.07028120000000015,0.052999999999999936,364.7929983139038,1058.0,1070.0,1007_350ulm_2.5NaCl_sfnewg_10ga_10cm_13.csv
-0.09136509999999975,0.051999999999999824,373.4178478717804,1083.0,1108.0,1007_350ulm_2.5NaCl_sfnewg_10ga_10cm_13.csv
-0.09343199999999996,0.057,40.17315077781677,117.0,131.0,1007_350ulm_2.5NaCl_sfnewg_10ga_10cm_14.csv
-0.050437000000000065,0.052,49.48668932914734,144.0,159.0,1007_350ulm_2.5NaCl_sfnewg_10ga_10cm_14.csv
-0.10190699999999997,0.06100000000000001,59.14545774459839,172.0,186.0,1007_350ulm_2.5NaCl_sfnewg_10ga_10cm_14.csv
-0.07214200000000015,0.05199999999999999,68.10915875434875,198.0,212.0,1007_350ulm_2.5NaCl_sfnewg_10ga_10cm_14.csv
-0.09198589999999995,0.05300000000000002,77.41808819770813,225.0,241.0,1007_350ulm_2.5NaCl_sfnewg_10ga_10cm_14.csv
-0.04568290000000008,0.056999999999999995,87.76911306381226,255.0,269.0,1007_350ulm_2.5NaCl_sfnewg_10ga_10cm_14.csv
-0.08020309999999997,0.04999999999999999,96.73784732818604,281.0,295.0,1007_350ulm_2.5NaCl_sfnewg_10ga_10cm_14.csv
-0.0630463,0.055999999999999994,106.05096578598022,308.0,323.0,1007_350ulm_2.5NaCl_sfnewg_10ga_10cm_14.csv
-0.09922039999999999,0.055999999999999994,115.7065773010254,336.0,350.0,1007_350ulm_2.5NaCl_sfnewg_10ga_10cm_14.csv
-0.08557749999999997,0.05400000000000005,125.0205249786377,363.0,377.0,1007_350ulm_2.5NaCl_sfnewg_10ga_10cm_14.csv
-0.09219219999999995,0.04999999999999993,134.3337173461914,390.0,404.0,1007_350ulm_2.5NaCl_sfnewg_10ga_10cm_14.csv
-0.048369899999999966,0.05500000000000005,143.64905619621277,417.0,431.0,1007_350ulm_2.5NaCl_sfnewg_10ga_10cm_14.csv
-0.08805810000000003,0.05399999999999994,152.61770296096802,443.0,457.0,1007_350ulm_2.5NaCl_sfnewg_10ga_10cm_14.csv
-0.09198549999999983,0.05500000000000005,161.5876805782318,469.0,484.0,1007_350ulm_2.5NaCl_sfnewg_10ga_10cm_14.csv
-0.0843372,0.05499999999999994,171.24765825271606,497.0,511.0,1007_350ulm_2.5NaCl_sfnewg_10ga_10cm_14.csv
-0.08537070000000002,0.05600000000000005,180.56209921836853,524.0,539.0,1007_350ulm_2.5NaCl_sfnewg_10ga_10cm_14.csv
-0.08040980000000009,0.05800000000000005,190.2175941467285,552.0,565.0,1007_350ulm_2.5NaCl_sfnewg_10ga_10cm_14.csv
-0.05973890000000004,0.04799999999999993,198.841073513031,577.0,592.0,1007_350ulm_2.5NaCl_sfnewg_10ga_10cm_14.csv
-0.08867810000000004,0.05700000000000005,208.8435618877411,606.0,620.0,1007_350ulm_2.5NaCl_sfnewg_10ga_10cm_14.csv
-0.05353770000000002,0.05600000000000005,218.1556658744812,633.0,647.0,1007_350ulm_2.5NaCl_sfnewg_10ga_10cm_14.csv
-0.08330360000000009,0.04899999999999993,227.46676230430603,660.0,673.0,1007_350ulm_2.5NaCl_sfnewg_10ga_10cm_14.csv
-0.07627549999999994,0.052999999999999936,236.0900039672852,685.0,700.0,1007_350ulm_2.5NaCl_sfnewg_10ga_10cm_14.csv
-0.07441530000000002,0.05699999999999994,246.09000754356384,714.0,729.0,1007_350ulm_2.5NaCl_sfnewg_10ga_10cm_14.csv
-0.07090100000000005,0.05300000000000016,256.0946171283722,743.0,757.0,1007_350ulm_2.5NaCl_sfnewg_10ga_10cm_14.csv
-0.1000471,0.05499999999999994,265.4080545902252,770.0,785.0,1007_350ulm_2.5NaCl_sfnewg_10ga_10cm_14.csv
-0.07854950000000005,0.05699999999999994,275.0649311542511,798.0,812.0,1007_350ulm_2.5NaCl_sfnewg_10ga_10cm_14.csv
-0.05911869999999997,0.05500000000000016,284.0325884819031,824.0,838.0,1007_350ulm_2.5NaCl_sfnewg_10ga_10cm_14.csv
-0.07524200000000003,0.051999999999999824,293.00183844566345,850.0,865.0,1007_350ulm_2.5NaCl_sfnewg_10ga_10cm_14.csv
-0.08206369999999996,0.05800000000000005,302.6578314304352,878.0,893.0,1007_350ulm_2.5NaCl_sfnewg_10ga_10cm_14.csv
-0.09136529999999998,0.05600000000000005,312.3158276081085,906.0,921.0,1007_350ulm_2.5NaCl_sfnewg_10ga_10cm_14.csv
-0.07937640000000001,0.05600000000000005,321.9748265743256,934.0,947.0,1007_350ulm_2.5NaCl_sfnewg_10ga_10cm_14.csv
-0.0903316999999999,0.050999999999999934,330.2548084259033,958.0,972.0,1007_350ulm_2.5NaCl_sfnewg_10ga_10cm_14.csv
-0.09880699999999998,0.05600000000000005,339.5652508735657,985.0,1000.0,1007_350ulm_2.5NaCl_sfnewg_10ga_10cm_14.csv
-0.07689570000000001,0.050999999999999934,349.57043981552124,1014.0,1030.0,1007_350ulm_2.5NaCl_sfnewg_10ga_10cm_14.csv
-0.06407969999999996,0.062000000000000055,360.2641088962555,1045.0,1057.0,1007_350ulm_2.5NaCl_sfnewg_10ga_10cm_14.csv
-0.07772259999999986,0.04899999999999993,368.8859238624573,1070.0,1095.0,1007_350ulm_2.5NaCl_sfnewg_10ga_10cm_14.csv
-0.08640420000000004,0.05,34.66984724998474,101.0,116.0,1007_350ulm_2.5NaCl_sfnewg_10ga_10cm_15.csv
-0.09839359999999986,0.055999999999999994,44.67552208900452,130.0,145.0,1007_350ulm_2.5NaCl_sfnewg_10ga_10cm_15.csv
-0.08723130000000001,0.054000000000000006,54.33352160453797,158.0,172.0,1007_350ulm_2.5NaCl_sfnewg_10ga_10cm_15.csv
-0.0481630999999999,0.055999999999999994,63.64849925041199,185.0,199.0,1007_350ulm_2.5NaCl_sfnewg_10ga_10cm_15.csv
-0.06221929999999998,0.05200000000000002,72.6184778213501,211.0,225.0,1007_350ulm_2.5NaCl_sfnewg_10ga_10cm_15.csv
-0.06511330000000004,0.05399999999999999,81.5884256362915,237.0,251.0,1007_350ulm_2.5NaCl_sfnewg_10ga_10cm_15.csv
-0.10810889999999995,0.05299999999999999,90.55717992782591,263.0,278.0,1007_350ulm_2.5NaCl_sfnewg_10ga_10cm_15.csv
-0.05539799999999995,0.056999999999999995,100.21715664863586,291.0,306.0,1007_350ulm_2.5NaCl_sfnewg_10ga_10cm_15.csv
-0.05519129999999994,0.056999999999999995,110.22031998634338,320.0,333.0,1007_350ulm_2.5NaCl_sfnewg_10ga_10cm_15.csv
-0.08743780000000001,0.051000000000000045,118.49982929229736,344.0,358.0,1007_350ulm_2.5NaCl_sfnewg_10ga_10cm_15.csv
-0.09880690000000003,0.05699999999999994,127.81334376335144,371.0,386.0,1007_350ulm_2.5NaCl_sfnewg_10ga_10cm_15.csv
-0.09281230000000007,0.052000000000000046,137.81834840774536,400.0,416.0,1007_350ulm_2.5NaCl_sfnewg_10ga_10cm_15.csv
-0.08020309999999997,0.05999999999999994,148.16832208633423,430.0,444.0,1007_350ulm_2.5NaCl_sfnewg_10ga_10cm_15.csv
-0.05498449999999999,0.052000000000000046,157.4833002090454,457.0,472.0,1007_350ulm_2.5NaCl_sfnewg_10ga_10cm_15.csv
-0.059118900000000085,0.05999999999999994,167.4882774353027,486.0,501.0,1007_350ulm_2.5NaCl_sfnewg_10ga_10cm_15.csv
-0.0975667,0.05300000000000005,177.49325466156006,515.0,530.0,1007_350ulm_2.5NaCl_sfnewg_10ga_10cm_15.csv
-0.09157209999999993,0.05800000000000005,187.1509392261505,543.0,557.0,1007_350ulm_2.5NaCl_sfnewg_10ga_10cm_15.csv
-0.056431600000000026,0.05499999999999994,196.46317958831787,570.0,584.0,1007_350ulm_2.5NaCl_sfnewg_10ga_10cm_15.csv
-0.09942700000000004,0.05300000000000005,205.43341493606567,596.0,609.0,1007_350ulm_2.5NaCl_sfnewg_10ga_10cm_15.csv
-0.07069439999999994,0.05400000000000005,214.055673122406,621.0,635.0,1007_350ulm_2.5NaCl_sfnewg_10ga_10cm_15.csv
-0.0892983,0.053999999999999826,223.3688337802887,648.0,663.0,1007_350ulm_2.5NaCl_sfnewg_10ga_10cm_15.csv
-0.09694649999999994,0.05600000000000005,233.0265736579895,676.0,690.0,1007_350ulm_2.5NaCl_sfnewg_10ga_10cm_15.csv
-0.06428650000000008,0.050999999999999934,241.9945137500763,702.0,716.0,1007_350ulm_2.5NaCl_sfnewg_10ga_10cm_15.csv
-0.0731752000000001,0.05400000000000005,251.3068070411682,729.0,744.0,1007_350ulm_2.5NaCl_sfnewg_10ga_10cm_15.csv
-0.1002539,0.05900000000000016,260.9623041152954,757.0,773.0,1007_350ulm_2.5NaCl_sfnewg_10ga_10cm_15.csv
-0.07524209999999998,0.05999999999999983,271.31247186660767,787.0,802.0,1007_350ulm_2.5NaCl_sfnewg_10ga_10cm_15.csv
-0.0711079,0.05700000000000016,281.3161425590515,816.0,831.0,1007_350ulm_2.5NaCl_sfnewg_10ga_10cm_15.csv
-0.05705169999999998,0.04999999999999982,290.9743957519531,844.0,857.0,1007_350ulm_2.5NaCl_sfnewg_10ga_10cm_15.csv
-0.07978960000000007,0.050000000000000044,299.59652757644653,869.0,884.0,1007_350ulm_2.5NaCl_sfnewg_10ga_10cm_15.csv
-0.055191199999999996,0.05699999999999994,309.5983936786652,898.0,914.0,1007_350ulm_2.5NaCl_sfnewg_10ga_10cm_15.csv
-0.07255489999999998,0.05800000000000005,319.944983959198,928.0,943.0,1007_350ulm_2.5NaCl_sfnewg_10ga_10cm_15.csv
-0.0682141,0.05600000000000005,329.6016125679016,956.0,970.0,1007_350ulm_2.5NaCl_sfnewg_10ga_10cm_15.csv
-0.06490670000000004,0.05699999999999994,338.91639828681946,983.0,995.0,1007_350ulm_2.5NaCl_sfnewg_10ga_10cm_15.csv
-0.044855600000000106,0.049000000000000155,346.84660363197327,1006.0,1020.0,1007_350ulm_2.5NaCl_sfnewg_10ga_10cm_15.csv
-0.07296829999999999,0.05599999999999983,356.1594312191009,1033.0,1047.0,1007_350ulm_2.5NaCl_sfnewg_10ga_10cm_15.csv
-0.0630463,0.05600000000000005,365.8185052871704,1061.0,1086.0,1007_350ulm_2.5NaCl_sfnewg_10ga_10cm_15.csv
-0.07772200000000007,0.057,32.59739875793457,95.0,110.0,1007_350ulm_2.5NaCl_sfnewg_10ga_10cm_16.csv
-0.08805849999999993,0.054,42.25056576728821,123.0,138.0,1007_350ulm_2.5NaCl_sfnewg_10ga_10cm_16.csv
-0.08661089999999982,0.05800000000000001,51.89978623390198,151.0,167.0,1007_350ulm_2.5NaCl_sfnewg_10ga_10cm_16.csv
-0.09219260000000007,0.057999999999999996,62.2450110912323,181.0,196.0,1007_350ulm_2.5NaCl_sfnewg_10ga_10cm_16.csv
-0.06656030000000002,0.05799999999999997,72.2472653388977,210.0,224.0,1007_350ulm_2.5NaCl_sfnewg_10ga_10cm_16.csv
-0.06759380000000004,0.052000000000000046,81.56120371818542,237.0,252.0,1007_350ulm_2.5NaCl_sfnewg_10ga_10cm_16.csv
-0.10686850000000003,0.057999999999999996,91.56399154663086,266.0,282.0,1007_350ulm_2.5NaCl_sfnewg_10ga_10cm_16.csv
-0.08805810000000003,0.055999999999999994,101.91221976280212,296.0,311.0,1007_350ulm_2.5NaCl_sfnewg_10ga_10cm_16.csv
-0.09880689999999992,0.056999999999999995,111.91719675064088,325.0,340.0,1007_350ulm_2.5NaCl_sfnewg_10ga_10cm_16.csv
-0.08371719999999994,0.05699999999999994,121.9221737384796,354.0,368.0,1007_350ulm_2.5NaCl_sfnewg_10ga_10cm_16.csv
-0.09322580000000003,0.06000000000000005,131.23715162277222,381.0,395.0,1007_350ulm_2.5NaCl_sfnewg_10ga_10cm_16.csv
-0.0686274,0.05700000000000005,140.55213260650635,408.0,423.0,1007_350ulm_2.5NaCl_sfnewg_10ga_10cm_16.csv
-0.08102989999999999,0.05499999999999994,150.2121081352234,436.0,449.0,1007_350ulm_2.5NaCl_sfnewg_10ga_10cm_16.csv
-0.10066720000000007,0.04800000000000004,158.8370897769928,461.0,475.0,1007_350ulm_2.5NaCl_sfnewg_10ga_10cm_16.csv
-0.06966090000000003,0.05499999999999994,167.80706810951233,487.0,501.0,1007_350ulm_2.5NaCl_sfnewg_10ga_10cm_16.csv
-0.10335459999999996,0.05400000000000005,177.1192810535431,514.0,529.0,1007_350ulm_2.5NaCl_sfnewg_10ga_10cm_16.csv
-0.06966100000000008,0.05599999999999994,187.12214756011963,543.0,559.0,1007_350ulm_2.5NaCl_sfnewg_10ga_10cm_16.csv
-0.09322580000000003,0.062000000000000055,197.81573462486267,574.0,587.0,1007_350ulm_2.5NaCl_sfnewg_10ga_10cm_16.csv
-0.10066729999999996,0.04699999999999993,206.438175201416,599.0,614.0,1007_350ulm_2.5NaCl_sfnewg_10ga_10cm_16.csv
-0.10314780000000001,0.05800000000000005,216.09192609786987,627.0,641.0,1007_350ulm_2.5NaCl_sfnewg_10ga_10cm_16.csv
-0.05457099999999998,0.04800000000000004,225.06190514564517,653.0,669.0,1007_350ulm_2.5NaCl_sfnewg_10ga_10cm_16.csv
-0.06656030000000002,0.06000000000000005,235.4113597869873,683.0,699.0,1007_350ulm_2.5NaCl_sfnewg_10ga_10cm_16.csv
-0.06221939999999998,0.05699999999999994,245.7573425769806,713.0,728.0,1007_350ulm_2.5NaCl_sfnewg_10ga_10cm_16.csv
-0.0818567,0.05699999999999994,255.7618520259857,742.0,755.0,1007_350ulm_2.5NaCl_sfnewg_10ga_10cm_16.csv
-0.06986749999999992,0.052000000000000046,264.38531613349915,767.0,779.0,1007_350ulm_2.5NaCl_sfnewg_10ga_10cm_16.csv
-0.10108080000000008,0.050999999999999934,272.31690764427185,790.0,803.0,1007_350ulm_2.5NaCl_sfnewg_10ga_10cm_16.csv
-0.10314800000000002,0.051000000000000156,280.5968883037567,814.0,829.0,1007_350ulm_2.5NaCl_sfnewg_10ga_10cm_16.csv
-0.08847130000000003,0.05999999999999983,290.2529926300049,842.0,856.0,1007_350ulm_2.5NaCl_sfnewg_10ga_10cm_16.csv
-0.06345960000000006,0.05300000000000016,299.56560587883,869.0,883.0,1007_350ulm_2.5NaCl_sfnewg_10ga_10cm_16.csv
-0.04878309999999997,0.052999999999999936,308.8799409866333,896.0,911.0,1007_350ulm_2.5NaCl_sfnewg_10ga_10cm_16.csv
-0.10066730000000013,0.05499999999999994,318.8849444389343,925.0,941.0,1007_350ulm_2.5NaCl_sfnewg_10ga_10cm_16.csv
-0.09033229999999992,0.06299999999999994,329.23314785957336,955.0,971.0,1007_350ulm_2.5NaCl_sfnewg_10ga_10cm_16.csv
-0.0684205,0.05800000000000005,339.9236624240875,986.0,1001.0,1007_350ulm_2.5NaCl_sfnewg_10ga_10cm_16.csv
-0.04361559999999998,0.05699999999999994,349.5812027454376,1014.0,1028.0,1007_350ulm_2.5NaCl_sfnewg_10ga_10cm_16.csv
-0.06656059999999997,0.052000000000000046,358.5455799102783,1040.0,1055.0,1007_350ulm_2.5NaCl_sfnewg_10ga_10cm_16.csv
-0.10252759999999994,0.05799999999999983,368.8928580284119,1070.0,1095.0,1007_350ulm_2.5NaCl_sfnewg_10ga_10cm_16.csv
