time (s),charge (pC),mass (g),RH (%),temp (C)
0.0,0.0,0.0,0.0,0.0
0.0,1.025703,,0.0,0.0
0.3420276641845703,1.028184,0.0,0.0,0.0
0.6840939521789551,1.034178,0.0,0.0,0.0
1.0271272659301758,1.0478210000000001,0.0,0.0,0.0
1.3691565990447998,1.0587769999999999,0.0,0.0,0.0
1.7122197151184082,1.059397,0.0,0.0,0.0
2.054755926132202,1.062911,0.0,0.0,0.0
2.3977549076080322,1.071386,0.0,0.0,0.0
2.740753173828125,1.0746930000000001,0.0,0.0,0.0
3.0837512016296387,1.086062,0.0,0.0,0.0
3.4267489910125732,1.085442,0.0,0.0,0.0
3.7697482109069824,1.0906099999999999,0.0,0.0,0.0
4.112746953964233,1.089783,0.0,0.0,0.0
4.455744504928589,1.101772,0.0,0.0,0.0
4.798743486404419,1.097844,0.0,0.0,0.0
5.141740798950195,1.096191,0.0,0.0,0.0
5.484740257263184,1.110867,0.0,0.0,0.0
5.827737331390381,1.104873,0.0,0.0,0.0
6.170736074447632,1.110247,0.0,0.0,0.0
6.513735055923462,1.1143809999999998,0.0,0.0,0.0
6.857733488082886,1.118722,0.0,0.0,0.0
7.199729919433594,1.1174819999999999,0.0,0.0,0.0
7.543729543685913,1.122236,0.0,0.0,0.0
7.885726451873779,1.120996,0.0,0.0,0.0
8.229726076126099,1.128644,0.0,0.0,0.0
8.571724653244019,1.137532,0.0,0.0,0.0
8.915722131729126,1.132778,0.0,0.0,0.0
9.257720947265625,1.139599,0.0,0.0,0.0
9.600719690322876,1.134638,0.0,0.0,0.0
9.943717956542969,1.137532,0.0,0.0,0.0
10.286717414855957,1.140013,0.0,0.0,0.0
10.628712892532349,1.139599,0.0,0.0,0.0
10.971711158752441,1.144147,0.0,0.0,0.0
11.314710140228271,1.1437339999999998,0.0,0.0,0.0
11.657708644866943,1.146627,0.0,0.0,0.0
12.000707387924194,1.144767,0.0,0.0,0.0
12.343705654144287,1.1439400000000002,0.0,0.0,0.0
12.68670392036438,1.1551019999999999,0.0,0.0,0.0
13.029701471328735,1.153449,0.0,0.0,0.0
13.372699737548828,1.151175,0.0,0.0,0.0
13.715698003768921,1.1520020000000002,0.0,0.0,0.0
14.057695865631104,1.15841,0.0,0.0,0.0
14.401695251464844,1.1658510000000002,0.0,0.0,0.0
14.743693113327026,1.167298,0.0,0.0,0.0
15.087691068649292,1.169985,0.0,0.0,0.0
15.42969012260437,1.1650239999999998,0.0,0.0,0.0
15.772687673568726,1.1751530000000001,0.0,0.0,0.0
16.11568593978882,1.17722,0.0,0.0,0.0
16.45868468284607,1.181975,0.0,0.0,0.0
16.801682949066162,1.187762,0.0,0.0,0.0
17.14468216896057,1.1900359999999999,0.0,0.0,0.0
17.486680507659912,1.196031,0.0,0.0,0.0
17.83067774772644,1.201818,0.0,0.0,0.0
18.172675371170044,1.204505,0.0,0.0,0.0
18.515674591064453,1.210914,0.0,0.0,0.0
18.858673095703125,1.211327,0.0,0.0,0.0
19.201671361923218,1.2119469999999999,0.0,0.0,0.0
19.54466962814331,1.218355,0.0,0.0,0.0
19.887666940689087,1.223316,0.0,0.0,0.0
20.230666875839233,1.229724,0.0,0.0,0.0
20.57366371154785,1.223523,0.0,0.0,0.0
20.91666269302368,1.232618,0.0,0.0,0.0
21.260660409927368,1.232411,0.0,0.0,0.0
21.602658987045288,1.236752,0.0,0.0,0.0
21.94665765762329,1.2357179999999999,0.0,0.0,0.0
22.2896568775177,1.235719,0.0,0.0,0.0
22.63265347480774,1.243367,0.0,0.0,0.0
22.97565197944641,1.241713,0.0,0.0,0.0
23.31865119934082,1.249775,0.0,0.0,0.0
23.660650491714478,1.2431599999999998,0.0,0.0,0.0
24.003647804260254,1.252669,0.0,0.0,0.0
24.34664487838745,1.256596,0.0,0.0,0.0
24.689643621444702,1.259697,0.0,0.0,0.0
25.032642364501953,1.259077,0.0,0.0,0.0
25.37563967704773,1.2619699999999998,0.0,0.0,0.0
25.71863889694214,1.267138,0.0,0.0,0.0
26.06163716316223,1.264451,0.0,0.0,0.0
26.404635667800903,1.269619,0.0,0.0,0.0
26.747174978256226,1.268172,0.0,0.0,0.0
27.09020161628723,1.271272,0.0,0.0,0.0
27.433250188827515,1.274373,0.0,0.0,0.0
27.77627444267273,1.273546,0.0,0.0,0.0
28.119312286376953,1.27644,0.0,0.0,0.0
28.46236562728882,1.283675,0.0,0.0,0.0
28.80587363243103,1.286155,0.0,0.0,0.0
29.14787197113037,1.29401,0.0,0.0,0.0
29.490869760513306,1.2876020000000001,0.0,0.0,0.0
29.83386778831482,1.2969039999999998,0.0,0.0,0.0
30.17686700820923,1.296697,0.0,0.0,0.0
30.518864631652832,1.2993839999999999,0.0,36.63,20.7
30.86486291885376,1.3020720000000001,0.0,36.12,20.75
31.209861516952515,1.297938,0.0,36.15,20.78
31.554859161376953,1.305999,0.0,36.09,20.78
31.899858951568604,1.306413,0.0,36.2,20.81
32.24485635757446,1.3064120000000001,0.0,36.18,20.81
32.5898540019989,1.310547,0.0,36.15,20.82
32.934852600097656,1.150555,0.0,36.15,20.83
33.279850482940674,1.151175,0.0,36.18,20.82
33.62485146522522,1.155929,0.05,36.08,20.82
33.969362020492554,1.15779,0.051,36.17,20.83
34.31391954421997,1.164197,0.051,36.16,20.82
34.65842413902283,1.164197,0.051,36.12,20.82
35.00294017791748,1.1662649999999999,0.051,36.14,20.82
35.347450494766235,1.163784,0.051,36.12,20.83
35.6924512386322,1.166058,0.051,36.14,20.82
36.037447452545166,1.169365,0.052,36.16,20.83
36.382447242736816,1.169985,0.052,36.16,20.82
36.72744297981262,1.171639,0.052,36.18,20.83
37.0724413394928,1.169159,0.052,36.11,20.83
37.41744017601013,1.1766,0.052,36.18,20.84
37.76243877410889,1.174326,0.052,36.14,20.84
38.10643720626831,1.1708120000000002,0.052,36.17,20.85
38.45143461227417,1.172879,0.052,36.16,20.84
38.796432971954346,1.17846,0.052,36.13,20.85
39.14094924926758,1.182594,0.052,36.18,20.84
39.48545861244202,1.184248,0.052,36.18,20.84
39.83045506477356,1.186522,0.052,36.22,20.83
40.17496705055237,1.192723,0.052,36.24,20.85
40.520020723342896,1.196651,0.052,36.13,20.83
40.864073753356934,1.1980979999999999,0.052,36.15,20.83
41.20858120918274,1.202852,0.052,36.19,20.84
41.553579807281494,1.2074,0.052,36.1,20.82
41.89857792854309,1.211534,0.052,36.14,20.85
42.24357628822327,1.212154,0.052,36.23,20.84
42.58857464790344,1.214428,0.052,36.16,20.85
42.93357229232788,1.217528,0.052,36.18,20.84
43.278571128845215,1.2179419999999999,0.052,36.11,20.83
43.62356972694397,1.22373,0.052,36.21,20.83
43.968567848205566,1.231378,0.052,36.15,20.84
44.31356620788574,1.236339,0.051,36.09,20.85
44.65856432914734,1.236132,0.051,36.16,20.83
45.00356364250183,1.2456399999999999,0.051,36.19,20.83
45.34856390953064,1.248534,0.051,36.21,20.85
45.6935613155365,1.248328,0.051,36.14,20.83
46.03855848312378,1.249981,0.051,36.09,20.86
46.38355612754822,1.263211,0.051,36.21,20.84
46.72855520248413,1.2636239999999999,0.051,36.16,20.83
47.07355189323425,1.260317,0.051,36.19,20.83
47.4185516834259,1.273133,0.051,36.16,20.86
47.76354956626892,1.1282299999999998,0.051,36.18,20.85
48.10854744911194,1.135052,0.051,36.14,20.84
48.45354604721069,1.137946,0.101,36.16,20.83
48.79854416847229,1.141873,0.102,36.16,20.83
49.14354181289673,1.1433200000000001,0.102,36.24,20.84
49.48854112625122,1.1470410000000002,0.102,36.15,20.83
49.8335394859314,1.148281,0.102,36.13,20.86
50.178537368774414,1.150968,0.102,36.14,20.85
50.52353525161743,1.1462139999999998,0.102,36.2,20.84
50.868534088134766,1.1575829999999998,0.102,36.25,20.84
51.213531732559204,1.150762,0.102,36.17,20.84
51.55853056907654,1.1592369999999999,0.102,36.15,20.84
51.90252900123596,1.1633710000000002,0.102,36.18,20.85
52.24752736091614,1.16089,0.102,36.14,20.86
52.59252572059631,1.168745,0.102,36.13,20.85
52.93752384185791,1.172053,0.102,36.19,20.86
53.28203725814819,1.178047,0.102,36.17,20.84
53.626544713974,1.17474,0.102,36.12,20.85
53.97107815742493,1.180734,0.102,36.18,20.85
54.31612491607666,1.1871420000000001,0.102,36.13,20.84
54.66114830970764,1.187349,0.102,36.15,20.84
55.00618362426758,1.189209,0.102,36.14,20.85
55.350744009017944,1.196031,0.102,36.16,20.85
55.6952588558197,1.19479,0.102,36.18,20.85
56.04076623916626,1.199338,0.102,36.11,20.85
56.38527798652649,1.202645,0.102,36.14,20.86
56.72978496551514,1.198511,0.102,36.13,20.84
57.074782371520996,1.198925,0.102,36.13,20.85
57.41978120803833,1.203886,0.102,36.13,20.85
57.764779567718506,1.204299,0.102,36.19,20.84
58.10977911949158,1.205746,0.102,36.14,20.86
58.45477628707886,1.210293,0.102,36.18,20.84
58.79977369308472,1.20864,0.102,36.15,20.85
59.14477252960205,1.213394,0.102,36.19,20.85
59.489771366119385,1.214634,0.102,36.11,20.85
59.8347704410553,1.214841,0.102,36.13,20.86
60.17976784706116,1.215461,0.102,36.18,20.84
60.524765729904175,1.216081,0.102,36.22,20.85
60.86976361274719,1.216495,0.102,36.19,20.85
61.21476197242737,1.221662,0.102,36.16,20.85
61.55976176261902,1.223316,0.102,36.1,20.86
61.904762268066406,1.229517,0.102,36.16,20.85
62.24975776672363,1.230758,0.102,36.16,20.84
62.59475541114807,1.2348919999999999,0.102,36.16,20.84
62.939754486083984,1.231378,0.102,36.15,20.85
63.28475332260132,1.082961,0.102,36.09,20.83
63.62975263595581,1.091023,0.11,36.14,20.85
63.97475028038025,1.087302,0.151,36.11,20.85
64.31974840164185,1.0877160000000001,0.151,36.19,20.84
64.66474604606628,1.090403,0.151,36.13,20.84
65.00974345207214,1.0926770000000001,0.151,36.18,20.85
65.3547420501709,1.09433,0.151,36.12,20.85
65.69974112510681,1.092883,0.151,36.18,20.85
66.04473948478699,1.1015650000000001,0.151,36.17,20.84
66.38973760604858,1.09247,0.152,36.15,20.87
66.73473525047302,1.0976380000000001,0.152,36.13,20.85
67.07973408699036,1.1015650000000001,0.152,36.16,20.84
67.42473244667053,1.097844,0.152,36.19,20.85
67.76973009109497,1.095984,0.152,36.11,20.85
68.11472821235657,1.102392,0.152,36.16,20.84
68.45972776412964,1.103219,0.152,36.16,20.85
68.80472588539124,1.097224,0.152,36.11,20.84
69.14972376823425,1.093504,0.152,36.12,20.85
69.49472236633301,1.099705,0.152,36.11,20.84
69.8397204875946,1.0850289999999998,0.152,36.18,20.84
70.18471884727478,1.086889,0.152,36.12,20.85
70.52971744537354,1.0877160000000001,0.152,36.14,20.84
70.87471556663513,1.0926770000000001,0.152,36.19,20.85
71.21971487998962,1.0877160000000001,0.152,36.19,20.84
71.5647120475769,1.086269,0.152,36.14,20.85
71.90922474861145,1.080481,0.152,36.17,20.84
72.25425720214844,1.086475,0.152,36.2,20.84
72.59883952140808,1.084408,0.152,36.18,20.84
72.94340109825134,1.084615,0.152,36.15,20.85
73.28842830657959,1.093917,0.152,36.18,20.86
73.63348531723022,1.094744,0.152,36.18,20.85
73.97851252555847,1.0916430000000001,0.152,36.18,20.86
74.32354211807251,1.094124,0.152,36.18,20.85
74.66759729385376,1.095984,0.152,36.14,20.85
75.01213908195496,1.098465,0.152,36.19,20.85
75.35713648796082,1.106733,0.152,36.23,20.86
75.70213651657104,1.103426,0.152,36.18,20.86
76.0471339225769,1.1114870000000001,0.152,36.14,20.84
76.39213132858276,1.122856,0.152,36.12,20.84
76.73713064193726,1.111694,0.152,36.19,20.85
77.08212804794312,1.113761,0.152,36.2,20.86
77.42712712287903,1.125543,0.152,36.17,20.84
77.7721254825592,1.12389,0.152,36.14,20.85
78.11712408065796,1.130504,0.152,36.1,20.86
78.46212196350098,1.124923,0.152,36.13,20.85
78.80711960792542,1.126577,0.152,36.17,20.84
79.15211868286133,0.9787805999999999,0.152,36.2,20.85
79.49711608886719,0.9818814,0.152,36.21,20.86
79.8421151638031,0.9779538999999999,0.203,36.22,20.85
80.18711280822754,0.9839484,0.203,36.15,20.85
80.53211188316345,0.9899429,0.203,36.18,20.85
80.87711119651794,0.9874624000000001,0.203,36.21,20.87
81.2221086025238,0.9856019999999999,0.203,36.1,20.84
81.56710863113403,0.9899429,0.203,36.13,20.86
81.91310453414917,1.000485,0.203,36.17,20.84
82.25761675834656,1.000485,0.203,36.15,20.87
82.60212445259094,0.999038,0.203,36.15,20.86
82.94712233543396,0.9967642999999999,0.203,36.1,20.83
83.29212093353271,0.999038,0.203,36.16,20.85
83.63711857795715,0.9965574999999999,0.203,36.16,20.85
83.98211908340454,0.9973844000000001,0.203,36.13,20.85
84.3271152973175,1.005239,0.203,36.19,20.85
84.67111420631409,1.005653,0.203,36.25,20.85
85.01611256599426,1.0046190000000002,0.203,36.13,20.85
85.36111164093018,0.9969709999999999,0.203,36.09,20.85
85.70562791824341,1.001312,0.203,36.19,20.85
86.05014085769653,1.000898,0.203,36.19,20.85
86.3951370716095,1.006273,0.203,36.21,20.83
86.73913550376892,1.007306,0.203,36.19,20.85
87.08413290977478,1.0071,0.203,36.17,20.84
87.42913222312927,1.0077200000000002,0.203,36.2,20.84
87.77412939071655,1.009167,0.203,36.14,20.84
88.11912798881531,1.008547,0.203,36.23,20.85
88.46312689781189,1.009787,0.203,36.22,20.84
88.80763840675354,1.01144,0.203,36.19,20.84
89.15214729309082,1.012061,0.203,36.21,20.83
89.49714493751526,1.0139209999999999,0.203,36.17,20.84
89.84214377403259,1.019502,0.203,36.1,20.83
90.18714213371277,1.027977,0.203,36.16,20.84
90.53214073181152,1.021156,0.203,36.18,20.84
90.8771378993988,1.0298370000000001,0.203,36.2,20.84
91.22165417671204,1.030044,0.203,36.16,20.84
91.56668400764465,1.0298370000000001,0.203,36.16,20.84
91.91074132919312,1.0314910000000002,0.203,36.2,20.83
92.25528526306152,1.033145,0.203,36.22,20.84
92.60027885437012,1.036039,0.203,36.15,20.84
92.94527792930603,1.041,0.203,36.21,20.83
93.29027533531189,1.036452,0.203,36.19,20.84
93.63527369499207,1.038726,0.203,36.17,20.82
93.98027300834656,1.040173,0.203,36.18,20.85
94.32427048683167,1.043274,0.203,36.13,20.84
94.66878366470337,1.0345920000000002,0.203,36.22,20.83
95.01329135894775,0.8956841,0.203,36.17,20.84
95.35828971862793,0.8921701,0.203,36.07,20.84
95.7032880783081,0.9053994,0.254,36.18,20.84
96.0482861995697,0.8963042,0.255,36.2,20.83
96.39328479766846,0.9074665,0.254,36.17,20.83
96.73828315734863,0.9041592,0.254,36.14,20.84
97.08328151702881,0.9004384000000001,0.254,36.15,20.84
97.4282796382904,0.906433,0.254,36.17,20.83
97.7732789516449,0.9035391,0.254,36.2,20.83
98.11827635765076,0.9072598,0.254,36.17,20.83
98.46327376365662,0.9047793,0.254,36.16,20.83
98.80827283859253,0.9087068,0.254,36.14,20.84
99.1532711982727,0.914908,0.254,36.16,20.84
99.49826955795288,0.9124275,0.254,36.2,20.84
99.84326767921448,0.9093268999999999,0.254,36.18,20.84
100.18826699256897,0.9103604,0.254,36.22,20.83
100.53326463699341,0.9103604,0.254,36.24,20.84
100.87826323509216,0.9142878999999999,0.254,36.2,20.83
101.22326374053955,0.9206958,0.254,36.22,20.83
101.56825947761536,0.9136678,0.254,36.18,20.85
101.91325688362122,0.916975,0.254,36.11,20.84
102.25825524330139,0.9264836,0.254,36.12,20.84
102.60325527191162,0.9248299,0.254,36.14,20.83
102.94825267791748,0.9279306,0.254,36.16,20.85
103.29325008392334,0.9260702000000001,0.254,36.15,20.85
103.63825011253357,0.9302043000000001,0.254,36.18,20.84
103.98324751853943,0.9258635999999999,0.254,36.18,20.85
104.3282458782196,0.9330981999999999,0.254,36.24,20.85
104.67324328422546,0.9287574000000001,0.254,36.19,20.83
105.01824307441711,0.9343385,0.254,36.19,20.83
105.36324000358582,0.9382659999999999,0.254,36.19,20.83
105.70824098587036,0.9426068,0.254,36.24,20.84
106.0532374382019,0.9415733000000001,0.254,36.22,20.83
106.39823579788208,0.9399196999999999,0.255,36.16,20.83
106.74323391914368,0.9481879,0.255,36.21,20.85
107.08823227882385,0.9519086999999999,0.255,36.17,20.84
107.43323063850403,0.9492214999999999,0.255,36.17,20.85
107.77822828292847,0.9512885,0.255,36.18,20.84
108.1232271194458,0.9494281,0.255,36.2,20.84
108.46822571754456,0.9510818999999999,0.255,36.15,20.83
108.81322383880615,0.9543892,0.255,36.15,20.84
109.15822243690491,0.9713391,0.255,36.2,20.85
109.50275826454163,0.9651379000000001,0.255,36.14,20.81
109.84776210784912,0.9647245999999999,0.255,36.17,20.83
110.19232869148254,0.876667,0.255,36.14,20.83
110.5378668308258,0.7923302,0.255,36.18,20.83
110.88239932060242,0.8020455000000001,0.304,36.17,20.83
111.22790384292603,0.8001852,0.305,36.14,20.82
111.57290124893188,0.7999784,0.305,36.16,20.83
111.91789960861206,0.7985315,0.305,36.2,20.82
112.26289796829224,0.8150681,0.305,36.18,20.82
112.60789608955383,0.8028723999999999,0.305,36.18,20.81
112.95289444923401,0.8065931,0.305,36.24,20.82
113.29789209365845,0.8078333,0.305,36.23,20.82
113.64289140701294,0.8076266,0.305,36.15,20.83
113.9878888130188,0.8152748,0.305,36.13,20.82
114.33288788795471,0.8088668999999999,0.305,36.12,20.83
114.67788600921631,0.814448,0.305,36.11,20.83
115.02288436889648,0.8057663,0.305,36.18,20.82
115.36788272857666,0.8146547,0.305,36.15,20.83
115.71288132667542,0.8115541,0.305,36.14,20.83
116.05787944793701,0.8113473999999999,0.305,36.17,20.83
116.40287756919861,0.8196157000000001,0.305,36.18,20.81
116.74787592887878,0.8090736,0.305,36.21,20.82
117.09287428855896,0.8130010000000001,0.305,36.16,20.84
117.43787240982056,0.8163083,0.305,36.15,20.84
117.78287172317505,0.8194089999999999,0.305,36.18,20.83
118.12744045257568,0.8220962,0.305,36.27,20.84
118.47295236587524,0.8210626,0.305,36.2,20.82
118.81794810295105,0.8212693,0.305,36.17,20.83
119.16245985031128,0.8223029,0.305,36.29,20.84
119.50696778297424,0.8233364000000001,0.305,36.22,20.83
119.85196733474731,0.8280907,0.305,36.21,20.81
120.1969645023346,0.8322248999999999,0.305,36.06,20.84
120.54196310043335,0.8324316,0.305,36.16,20.84
120.88696122169495,0.8322248999999999,0.305,36.2,20.83
121.23196005821228,0.8299511,0.305,36.19,20.84
121.5769579410553,0.8351187999999999,0.305,36.18,20.84
121.92195677757263,0.8355322000000001,0.305,36.2,20.84
122.26695370674133,0.8336718,0.305,36.17,20.83
122.61195302009583,0.8444206,0.305,36.19,20.84
122.956951379776,0.8398730000000001,0.305,36.22,20.84
123.30194997787476,0.8448340000000001,0.305,36.17,20.83
123.6469476222992,0.8425602,0.305,36.15,20.82
123.99194598197937,0.8440072,0.305,36.15,20.84
124.33694362640381,0.8458676,0.305,36.25,20.84
124.68194317817688,0.8458676,0.305,36.17,20.85
125.02694058418274,0.8435938000000001,0.305,36.24,20.83
125.37193965911865,0.7234965999999999,0.305,36.18,20.84
125.71693754196167,0.7261838,0.355,36.22,20.84
126.06193542480469,0.7286643,0.355,36.17,20.83
126.40693402290344,0.7307313,0.355,36.18,20.82
126.75193285942078,0.7330051000000001,0.355,36.24,20.83
127.09693002700806,0.7379661,0.355,36.22,20.84
127.44193124771118,0.7305246000000001,0.355,36.17,20.82
127.7869291305542,0.7421003,0.355,36.17,20.84
128.1319260597229,0.7423069,0.355,36.24,20.84
128.47692394256592,0.7423069,0.355,36.18,20.84
128.82192182540894,0.7441673,0.355,36.15,20.84
129.16692090034485,0.7528490999999999,0.355,36.18,20.83
129.51191926002502,0.7540893,0.355,36.17,20.83
129.85691738128662,0.75781,0.355,36.14,20.85
130.2019157409668,0.7660783,0.355,36.13,20.84
130.5469138622284,0.7559497,0.355,36.21,20.83
130.89191460609436,0.7611174,0.355,36.24,20.82
131.23691034317017,0.7631844,0.355,36.21,20.84
131.5819091796875,0.7656649,0.355,36.24,20.83
131.92690634727478,0.7644247,0.355,36.22,20.83
132.27190470695496,0.7673186,0.355,36.22,20.84
132.61690378189087,0.7724863,0.355,36.2,20.84
132.9619016647339,0.7706259,0.355,36.17,20.82
133.30690026283264,0.771246,0.355,36.16,20.82
133.65189814567566,0.7681454,0.355,36.16,20.84
133.99689626693726,0.7764138,0.355,36.23,20.83
134.34189629554749,0.7714527,0.355,36.21,20.83
134.68689346313477,0.7795143999999999,0.355,36.19,20.82
135.03189325332642,0.7747601,0.355,36.23,20.84
135.37689018249512,0.7815815,0.355,36.24,20.84
135.72188806533813,0.776207,0.355,36.17,20.83
136.06688976287842,0.7815815,0.355,36.18,20.84
136.4118857383728,0.7735198,0.355,36.22,20.84
136.7568826675415,0.7853022,0.355,36.21,20.82
137.10188126564026,0.7755869,0.355,36.22,20.83
137.4468801021576,0.7832351,0.355,36.17,20.84
137.79187846183777,0.7819948999999999,0.355,36.06,20.84
138.13687658309937,0.7824083000000001,0.355,36.23,20.84
138.48187470436096,0.7859223,0.355,36.18,20.83
138.8268735408783,0.7809613,0.355,36.16,20.83
139.17187190055847,0.7772406,0.355,36.16,20.84
139.51687121391296,0.7772406,0.355,36.24,20.83
139.86186861991882,0.7836485000000001,0.355,36.28,20.83
140.20686650276184,0.7803412,0.355,36.25,20.83
140.55186533927917,0.6052596,0.355,36.21,20.81
140.8968629837036,0.6098072,0.355,36.2,20.84
141.24186182022095,0.6077402,0.406,36.16,20.83
141.58685898780823,0.6087737,0.406,36.24,20.83
141.93185758590698,0.6081536000000001,0.406,36.14,20.83
142.27685570716858,0.6108408,0.406,36.26,20.84
142.6218547821045,0.6141481,0.406,36.21,20.85
142.9668529033661,0.6110475,0.406,36.22,20.83
143.31185245513916,0.6137346,0.406,36.23,20.83
143.65684986114502,0.6110475,0.406,36.24,20.83
144.00184774398804,0.6164219999999999,0.406,36.23,20.83
144.34636425971985,0.6199359,0.406,36.19,20.81
144.69137907028198,0.6164219,0.406,36.22,20.83
145.03595519065857,0.6271707000000001,0.406,36.24,20.83
145.38050746917725,0.6251036,0.406,36.19,20.82
145.72553086280823,0.6222097,0.406,36.29,20.81
146.07058095932007,0.6275841,0.406,36.19,20.83
146.41560411453247,0.6286177,0.406,36.25,20.81
146.76062774658203,0.6331652,0.406,36.29,20.82
147.10567688941956,0.6290311000000001,0.406,36.27,20.85
147.45070219039917,0.6335786,0.406,36.22,20.82
147.79575037956238,0.6348189,0.406,36.24,20.83
148.14029455184937,0.6346122000000001,0.406,36.27,20.83
148.4848074913025,0.6356457,0.406,36.24,20.83
148.83031725883484,0.6358524,0.406,36.22,20.83
149.1748309135437,0.6441208,0.406,36.23,20.83
149.5193419456482,0.6393665000000001,0.406,36.21,20.83
149.8643400669098,0.6391598,0.406,36.25,20.83
150.20933747291565,0.6432939999999999,0.406,36.23,20.84
150.55433583259583,0.6466013,0.406,36.25,20.82
150.89933490753174,0.6455677000000001,0.406,36.25,20.83
151.24433374404907,0.6503220000000001,0.406,36.29,20.82
151.58933067321777,0.6530092,0.406,36.23,20.84
151.93432903289795,0.6523890999999999,0.406,36.2,20.83
152.27932739257812,0.6569367,0.406,36.25,20.82
152.6243257522583,0.6519756999999999,0.406,36.22,20.84
152.96932315826416,0.6585903,0.406,36.29,20.82
153.31432223320007,0.6552830000000001,0.406,36.26,20.84
153.65883564949036,0.6565232000000001,0.406,36.25,20.82
154.0038595199585,0.6523890999999999,0.406,36.17,20.83
154.3489055633545,0.6610708,0.406,36.22,20.84
154.69344878196716,0.6618976,0.406,36.19,20.82
155.03805088996887,0.6685123,0.406,36.22,20.82
155.38306617736816,0.6594171,0.406,36.28,20.83
155.72809481620789,0.6616909,0.406,36.26,20.82
156.07312393188477,0.5389064,0.406,36.27,20.81
156.41818118095398,0.5496554,0.455,36.23,20.82
156.76320934295654,0.5467614,0.456,36.23,20.83
157.1087465286255,0.5527559,0.457,36.24,20.82
157.45374488830566,0.551309,0.457,36.3,20.82
157.79874348640442,0.5546163,0.457,36.25,20.83
158.1437418460846,0.5539961,0.457,36.25,20.81
158.4887399673462,0.55689,0.457,36.29,20.82
158.83373832702637,0.5639181,0.457,36.24,20.82
159.17873644828796,0.5599906,0.457,36.23,20.8
159.52373480796814,0.5641248,0.457,36.28,20.82
159.86873245239258,0.5616443,0.457,36.27,20.81
160.2137315273285,0.5666055,0.457,36.2,20.81
160.55872988700867,0.5694993,0.457,36.23,20.83
160.90372824668884,0.565365,0.457,36.22,20.82
161.24872660636902,0.5686724,0.456,36.26,20.82
161.5937249660492,0.5701193999999999,0.456,36.26,20.82
161.93872213363647,0.5705328,0.456,36.23,20.82
162.28325486183167,0.5715663000000001,0.456,36.3,20.81
162.62779474258423,0.5738401,0.456,36.27,20.82
162.97285342216492,0.5659851,0.456,36.2,20.81
163.31835651397705,0.5829352,0.456,36.27,20.81
163.66341185569763,0.5713595,0.456,36.28,20.81
164.00843691825867,0.581695,0.456,36.33,20.81
164.35346102714539,0.5823151,0.456,36.24,20.81
164.6985161304474,0.5847956,0.457,36.25,20.81
165.04353857040405,0.5889298,0.457,36.18,20.82
165.3885622024536,0.5845889,0.457,36.2,20.82
165.73362135887146,0.586656,0.457,36.24,20.83
166.0786476135254,0.5881029000000001,0.457,36.26,20.81
166.42318415641785,0.5897565,0.457,36.27,20.82
166.76769876480103,0.5924438000000001,0.457,36.29,20.82
167.1122109889984,0.6019524,0.457,36.2,20.81
167.45720791816711,0.6036060999999999,0.457,36.28,20.81
167.80171942710876,0.6060865999999999,0.457,36.29,20.81
168.145742893219,0.6054664,0.457,36.31,20.81
168.49030900001526,0.6079469,0.457,36.29,20.83
168.8348445892334,0.6077402,0.457,36.32,20.83
169.17987179756165,0.6100139,0.457,36.29,20.83
169.52443861961365,0.6160085,0.457,36.21,20.81
169.8689513206482,0.6182823,0.457,36.24,20.81
170.21345829963684,0.6191091,0.457,36.28,20.83
170.5584557056427,0.6201426999999999,0.457,36.25,20.82
170.90296936035156,0.6141481,0.457,36.3,20.81
171.24813437461853,0.6137346,0.457,36.26,20.82
171.59267830848694,0.4411336,0.457,36.28,20.82
171.93767642974854,0.4483684,0.507,36.27,20.82
172.28219294548035,0.45043550000000004,0.508,36.24,20.83
172.6267008781433,0.4502287,0.508,36.22,20.83
172.9716992378235,0.4531228,0.508,36.27,20.81
173.31669759750366,0.45580999999999994,0.508,36.32,20.82
173.66169571876526,0.4605643,0.508,36.32,20.83
174.00669312477112,0.4568435,0.508,36.27,20.81
174.3516926765442,0.45643,0.508,36.25,20.8
174.69669008255005,0.45725679999999996,0.508,36.23,20.82
175.04168891906738,0.4620111,0.508,36.29,20.81
175.3866879940033,0.47255339999999996,0.508,36.25,20.81
175.73168563842773,0.4740003,0.508,36.26,20.82
176.07668375968933,0.46862590000000004,0.508,36.29,20.81
176.4216823577881,0.4694526,0.508,36.25,20.81
176.76667952537537,0.4723465,0.508,36.3,20.8
177.11167979240417,0.4740001,0.508,36.3,20.82
177.4566764831543,0.4762741,0.508,36.28,20.8
177.8016755580902,0.4731734,0.508,36.17,20.8
178.1466736793518,0.4810284,0.508,36.29,20.82
178.49167132377625,0.4752405,0.508,36.3,20.82
178.83667135238647,0.474827,0.508,36.3,20.82
179.18166875839233,0.4799948,0.508,36.23,20.82
179.52666640281677,0.477721,0.508,36.29,20.8
179.8716652393341,0.479788,0.508,36.27,20.8
180.21666359901428,0.48578259999999995,0.508,36.25,20.82
180.56166124343872,0.48288870000000006,0.508,36.22,20.81
180.90666222572327,0.4878497,0.508,36.26,20.82
181.2516577243805,0.4874363,0.508,36.3,20.82
181.59665703773499,0.4847489,0.508,36.27,20.81
181.94165682792664,0.48888319999999996,0.508,36.33,20.81
182.2866554260254,0.4909503,0.508,36.25,20.82
182.63165259361267,0.5002521999999999,0.508,36.32,20.82
182.97665095329285,0.49384420000000007,0.508,36.33,20.82
183.3216483592987,0.499632,0.508,36.28,20.83
183.66664695739746,0.4979783,0.508,36.22,20.83
184.0116467475891,0.4994253,0.508,36.2,20.8
184.35664582252502,0.5099674,0.508,36.27,20.82
184.7016417980194,0.5068667,0.508,36.33,20.82
185.04664015769958,0.5143082999999999,0.508,36.29,20.81
185.39163875579834,0.5167887999999999,0.508,36.33,20.81
185.73663759231567,0.5207162,0.508,36.28,20.81
186.08163714408875,0.5260907,0.508,36.32,20.81
186.4266333580017,0.3446009,0.508,36.27,20.81
186.77163100242615,0.3505955,0.554,36.3,20.81
187.11662912368774,0.35969080000000003,0.558,36.27,20.81
187.46162819862366,0.35597,0.558,36.23,20.81
187.80662631988525,0.3675457,0.558,36.25,20.81
188.15162467956543,0.36465159999999996,0.558,36.24,20.82
188.4966220855713,0.3718865,0.558,36.31,20.81
188.84162139892578,0.3805684,0.558,36.27,20.81
189.1866204738617,0.37746759999999996,0.558,36.25,20.81
189.53161811828613,0.3803615,0.558,36.27,20.82
189.87661623954773,0.3880098,0.558,36.24,20.83
190.2216145992279,0.38821649999999996,0.558,36.29,20.8
190.56661462783813,0.39483110000000005,0.558,36.33,20.81
190.91161155700684,0.3973115,0.558,36.33,20.8
191.25660848617554,0.4010322,0.558,36.31,20.8
191.6016080379486,0.4082672,0.558,36.23,20.83
191.94660592079163,0.4041329,0.558,36.21,20.81
192.29160451889038,0.4219098,0.558,36.28,20.81
192.63660264015198,0.4163287,0.558,36.28,20.8
192.9816014766693,0.4169488,0.558,36.28,20.81
193.32559943199158,0.4250104,0.558,36.23,20.81
193.67011189460754,0.4316252,0.558,36.23,20.81
194.0146198272705,0.4349324,0.558,36.25,20.81
194.3596169948578,0.4417538,0.558,36.25,20.81
194.70412731170654,0.4467148,0.558,36.26,20.81
195.0491783618927,0.4481617,0.558,36.29,20.82
195.39419984817505,0.4458879,0.558,36.27,20.82
195.73922777175903,0.4582906,0.558,36.28,20.82
196.08381605148315,0.46159769999999994,0.558,36.24,20.81
196.42881417274475,0.4671789,0.558,36.22,20.81
196.77381253242493,0.4706929,0.558,36.24,20.81
197.11881065368652,0.47276,0.558,36.28,20.8
197.46332144737244,0.4771008,0.558,36.27,20.81
197.80782914161682,0.48433560000000003,0.558,36.25,20.82
198.15282678604126,0.4880564,0.558,36.29,20.82
198.49782514572144,0.49095019999999995,0.558,36.26,20.8
198.84282422065735,0.49012350000000005,0.558,36.21,20.8
199.18782234191895,0.49570460000000005,0.558,36.32,20.81
199.53282070159912,0.5025259000000001,0.558,36.26,20.81
199.87733483314514,0.50666,0.558,36.22,20.81
200.2223572731018,0.5085205,0.558,36.28,20.81
200.5669231414795,0.5124479,0.558,36.33,20.8
200.91145610809326,0.5178223000000001,0.558,36.27,20.82
201.25647830963135,0.5209229000000001,0.558,36.26,20.83
201.60151958465576,0.38387570000000004,0.558,36.22,20.8
201.94654631614685,0.3919372,0.611,36.32,20.83
202.29156851768494,0.3952446,0.61,36.29,20.81
202.6366102695465,0.4004122,0.609,36.29,20.82
202.98163104057312,0.4082671,0.609,36.28,20.82
203.32667922973633,0.40930079999999996,0.609,36.29,20.81
203.67170596122742,0.4138482,0.609,36.28,20.82
204.0162537097931,0.4204628,0.609,36.26,20.81
204.36125135421753,0.4161221,0.609,36.29,20.8
204.70576333999634,0.418809,0.609,36.24,20.82
205.05026960372925,0.418189,0.609,36.27,20.81
205.3952693939209,0.4256306,0.609,36.3,20.83
205.74026679992676,0.4270775,0.609,36.25,20.82
206.0852644443512,0.43183180000000004,0.609,36.29,20.82
206.4302635192871,0.4293513,0.609,36.29,20.82
206.77526187896729,0.434519,0.609,36.24,20.82
207.12025952339172,0.43555249999999995,0.609,36.26,20.84
207.46525764465332,0.4384464,0.609,36.27,20.83
207.81025671958923,0.4376196,0.609,36.17,20.82
208.1552541255951,0.4405135,0.609,36.28,20.82
208.500253200531,0.4429941,0.609,36.3,20.83
208.84525156021118,0.4454745,0.609,36.27,20.84
209.189768075943,0.4454745,0.609,36.29,20.83
209.53479599952698,0.4434074,0.609,36.32,20.82
209.8788583278656,0.4419604,0.609,36.29,20.81
210.2234079837799,0.4448544,0.609,36.31,20.83
210.56791257858276,0.4491953,0.609,36.27,20.82
210.9129605293274,0.4465081,0.609,36.25,20.82
211.25749945640564,0.4440275,0.609,36.25,20.81
211.60203385353088,0.45146919999999996,0.609,36.24,20.81
211.94710111618042,0.447955,0.61,36.3,20.83
212.29212927818298,0.4460945,0.61,36.31,20.82
212.63718795776367,0.4423738,0.61,36.21,20.83
212.98272514343262,0.4541563,0.61,36.27,20.81
213.32772278785706,0.4496087,0.61,36.21,20.82
213.67272210121155,0.45498299999999997,0.61,36.2,20.83
214.01772046089172,0.4506421,0.61,36.26,20.82
214.36271858215332,0.45829050000000005,0.61,36.23,20.84
214.70771670341492,0.45456979999999997,0.61,36.29,20.81
215.05271577835083,0.46531859999999997,0.61,36.27,20.83
215.39771342277527,0.4615978,0.61,36.29,20.83
215.74271154403687,0.4630448,0.61,36.23,20.82
216.0877103805542,0.4611844,0.61,36.33,20.84
216.43270778656006,0.4615978,0.61,36.23,20.84
216.77770686149597,0.4642849,0.61,36.28,20.83
217.12270522117615,0.2966448,0.61,36.3,20.83
217.46770334243774,0.2999523,0.654,36.23,20.83
217.81270146369934,0.2976784,0.657,36.29,20.84
218.15769910812378,0.2997455,0.659,36.21,20.83
218.50224494934082,0.3061534,0.66,36.24,20.82
218.8472363948822,0.30408630000000003,0.66,36.21,20.82
219.19180369377136,0.3123546,0.66,36.23,20.82
219.53633570671082,0.3053266,0.66,36.24,20.83
219.881361246109,0.31421499999999997,0.66,36.18,20.83
220.22641515731812,0.31194120000000003,0.66,36.26,20.81
220.5714409351349,0.3146283,0.66,36.24,20.83
220.91546392440796,0.3173157,0.66,36.3,20.83
221.26002526283264,0.3164888,0.659,36.34,20.82
221.60456013679504,0.3241371,0.659,36.25,20.83
221.94962549209595,0.3231035,0.659,36.3,20.83
222.29415559768677,0.3214498,0.659,36.22,20.83
222.6386685371399,0.3264109,0.659,36.26,20.81
222.9831759929657,0.3228968,0.659,36.3,20.83
223.3281741142273,0.3274443,0.659,36.27,20.83
223.6726975440979,0.3307516,0.659,36.3,20.81
224.0177297592163,0.3394333,0.659,36.26,20.84
224.36275053024292,0.3392266,0.659,36.27,20.83
224.70777988433838,0.3423273,0.659,36.26,20.82
225.05285048484802,0.34108710000000003,0.659,36.17,20.82
225.3983874320984,0.3431542,0.659,36.2,20.81
225.74338507652283,0.35100919999999997,0.659,36.28,20.8
226.08838319778442,0.3483218,0.659,36.3,20.83
226.43338179588318,0.3522492,0.659,36.3,20.81
226.7783808708191,0.35886399999999996,0.659,36.25,20.81
227.1233789920807,0.3634116,0.659,36.27,20.79
227.46837663650513,0.368786,0.659,36.24,20.81
227.81337571144104,0.373127,0.659,36.21,20.81
228.15843319892883,0.3677524,0.659,36.32,20.81
228.50393509864807,0.3741604,0.659,36.25,20.81
228.8489990234375,0.3720933,0.659,36.31,20.81
229.1935532093048,0.377881,0.659,36.31,20.83
229.5381145477295,0.3745737,0.659,36.3,20.83
229.88313817977905,0.3820153,0.659,36.29,20.82
230.2281711101532,0.3861495,0.659,36.19,20.83
230.5732226371765,0.3878031,0.659,36.27,20.83
230.91824889183044,0.3861493,0.659,36.3,20.82
231.26327395439148,0.3859427,0.659,36.22,20.82
231.60832571983337,0.3940044,0.659,36.24,20.82
231.95286560058594,0.3853225,0.659,36.26,20.82
232.29786372184753,0.39090359999999996,0.659,36.19,20.82
232.64286184310913,0.3859427,0.659,36.32,20.83
232.98786067962646,0.2602643,0.659,36.22,20.82
233.33285903930664,0.2617113,0.708,36.24,20.81
233.67785716056824,0.26109109999999996,0.71,36.24,20.82
234.0228555202484,0.2621247,0.711,36.28,20.81
234.36785292625427,0.2712199,0.711,36.26,20.8
234.7128541469574,0.2679127,0.711,36.24,20.79
235.05784964561462,0.2712196,0.711,36.26,20.81
235.4023633003235,0.2737002,0.712,36.26,20.8
235.7468705177307,0.2776277,0.712,36.34,20.8
236.09186816215515,0.2768009,0.712,36.25,20.81
236.43686723709106,0.2840357,0.712,36.24,20.79
236.7818684577942,0.28217529999999996,0.712,36.31,20.81
237.12686443328857,0.2871363,0.712,36.28,20.81
237.47186493873596,0.28568920000000003,0.712,36.25,20.81
237.81638360023499,0.2972651,0.712,36.26,20.81
238.1614124774933,0.2943709,0.712,36.18,20.81
238.50644207000732,0.3026394,0.711,36.28,20.81
238.85149788856506,0.30512,0.711,36.26,20.81
239.19552397727966,0.3076003,0.711,36.22,20.8
239.54054617881775,0.3080138,0.711,36.22,20.81
239.8850817680359,0.3133882,0.711,36.28,20.8
240.23008108139038,0.3129748,0.711,36.25,20.81
240.57507848739624,0.31752250000000004,0.711,36.32,20.81
240.92007660865784,0.31979609999999997,0.711,36.25,20.8
241.26507449150085,0.3195893,0.711,36.28,20.81
241.61007356643677,0.3262041,0.711,36.27,20.81
241.95507192611694,0.3278576,0.711,36.24,20.82
242.30007004737854,0.3317853,0.711,36.26,20.8
242.64506840705872,0.32579070000000004,0.711,36.23,20.81
242.9900665283203,0.3315784,0.711,36.26,20.83
243.3350648880005,0.33860660000000004,0.711,36.24,20.82
243.67906260490417,0.3394334,0.711,36.24,20.8
244.0235788822174,0.34129370000000003,0.711,36.28,20.8
244.36808586120605,0.3425341,0.711,36.28,20.81
244.71308541297913,0.3408804,0.71,36.31,20.81
245.0576045513153,0.3452211,0.71,36.24,20.81
245.40266799926758,0.3487353,0.71,36.32,20.81
245.74769401550293,0.3516292,0.71,36.23,20.83
246.09272861480713,0.3479084,0.709,36.21,20.8
246.4373037815094,0.3549366,0.709,36.29,20.81
246.78230476379395,0.35121569999999996,0.709,36.32,20.81
247.12681531906128,0.35059559999999995,0.709,36.28,20.83
247.47132444381714,0.3594842,0.709,36.27,20.8
247.81632280349731,0.3549365,0.709,36.26,20.8
248.16131901741028,0.3570035,0.709,36.22,20.81
248.50631713867188,0.23318569999999997,0.709,36.28,20.81
248.8513147830963,0.23566600000000001,0.744,36.33,20.81
249.1963129043579,0.2335989,0.76,36.25,20.81
249.5413112640381,0.23938689999999999,0.76,36.31,20.8
249.88630938529968,0.2406271,0.761,36.31,20.81
250.23130917549133,0.2484821,0.761,36.31,20.81
250.57630729675293,0.25282299999999996,0.761,36.23,20.81
250.92130541801453,0.2517893,0.761,36.2,20.82
251.26630353927612,0.25592339999999997,0.761,36.24,20.8
251.6113018989563,0.2532361,0.761,36.26,20.81
251.95629930496216,0.2652253,0.761,36.31,20.81
252.30129766464233,0.2635716,0.761,36.31,20.81
252.64629673957825,0.2679124,0.761,36.32,20.8
252.991295337677,0.27742110000000003,0.761,36.34,20.81
253.33629250526428,0.282382,0.761,36.28,20.83
253.6812915802002,0.2786612,0.761,36.33,20.82
254.02628993988037,0.2846558,0.761,36.25,20.81
254.3712875843048,0.29065040000000003,0.761,36.27,20.81
254.7162868976593,0.2960248,0.761,36.27,20.8
255.06128525733948,0.2970582,0.761,36.18,20.82
255.40628266334534,0.3044998,0.761,36.25,20.81
255.75128149986267,0.3044998,0.761,36.24,20.82
256.0962791442871,0.310701,0.761,36.23,20.81
256.4412794113159,0.32062310000000005,0.761,36.2,20.81
256.7862775325775,0.31235480000000004,0.761,36.29,20.8
257.1312758922577,0.3228968,0.761,36.3,20.81
257.47627329826355,0.32703089999999996,0.761,36.33,20.8
257.8212716579437,0.3365396,0.761,36.25,20.81
258.1662697792053,0.3259973,0.761,36.27,20.82
258.5112681388855,0.3348859,0.761,36.24,20.82
258.8562662601471,0.3319919,0.761,36.29,20.81
259.20126461982727,0.3404671,0.761,36.22,20.83
259.54626202583313,0.3408804,0.761,36.21,20.8
259.8912613391876,0.3392265,0.761,36.26,20.82
260.2362596988678,0.3419141,0.761,36.24,20.81
260.581258058548,0.3448077,0.761,36.26,20.82
260.92625617980957,0.3472883,0.761,36.34,20.81
261.27125573158264,0.3514224,0.761,36.31,20.81
261.61625266075134,0.3479084,0.761,36.29,20.82
261.9612503051758,0.3485284,0.761,36.3,20.81
262.3062493801117,0.35204250000000004,0.761,36.31,20.8
262.65124773979187,0.3518357,0.761,36.29,20.83
262.99624609947205,0.3555567,0.761,36.29,20.81
263.3412437438965,0.3561768,0.761,36.31,20.82
263.6862425804138,0.2412471,0.761,36.29,20.84
264.0312430858612,0.21272159999999998,0.761,36.25,20.83
264.37623929977417,0.2174759,0.811,36.21,20.82
264.72075366973877,0.2195431,0.812,36.33,20.82
265.0657742023468,0.2197496,0.812,36.23,20.81
265.4103355407715,0.227191,0.812,36.21,20.82
265.75487446784973,0.2284313,0.812,36.25,20.82
266.09989619255066,0.2259506,0.812,36.28,20.82
266.44495010375977,0.2220232,0.812,36.29,20.81
266.7899730205536,0.2315319,0.812,36.25,20.82
267.1350016593933,0.2369064,0.812,36.26,20.82
267.4800615310669,0.2377332,0.812,36.26,20.83
267.82508754730225,0.2319454,0.812,36.28,20.82
268.1701443195343,0.23814639999999998,0.812,36.32,20.84
268.51468110084534,0.2375265,0.812,36.25,20.81
268.85968041419983,0.24331440000000001,0.812,36.26,20.81
269.20467948913574,0.2462083,0.812,36.23,20.82
269.54919147491455,0.2433143,0.812,36.2,20.83
269.8936996459961,0.24062689999999998,0.812,36.25,20.82
270.2386977672577,0.2395935,0.812,36.31,20.83
270.5836970806122,0.2462082,0.812,36.27,20.8
270.92869424819946,0.25220279999999995,0.812,36.25,20.82
271.27369260787964,0.2493089,0.812,36.2,20.82
271.6186909675598,0.25075569999999997,0.812,36.26,20.84
271.96368932724,0.2513759,0.812,36.25,20.83
272.30868768692017,0.25613020000000003,0.812,36.28,20.83
272.6536853313446,0.2612979,0.812,36.26,20.82
272.99868416786194,0.2596441,0.812,36.25,20.82
273.3436818122864,0.25613020000000003,0.812,36.25,20.84
273.6886808872223,0.2646053,0.812,36.27,20.83
274.0331938266754,0.2581973,0.812,36.28,20.83
274.37821555137634,0.2592308,0.812,36.29,20.82
274.7227952480316,0.25489,0.812,36.23,20.83
275.0673246383667,0.2617114,0.812,36.24,20.81
275.4123520851135,0.2598507,0.812,36.23,20.84
275.75740909576416,0.26377829999999997,0.812,36.27,20.83
276.10243344306946,0.26708570000000004,0.812,36.28,20.83
276.4474651813507,0.2687393,0.812,36.26,20.83
276.7925236225128,0.26357179999999997,0.812,36.3,20.82
277.13755083084106,0.2720467,0.812,36.2,20.82
277.4826064109802,0.2677059,0.812,36.23,20.81
277.82814478874207,0.2629514,0.812,36.25,20.8
278.17314314842224,0.2687393,0.812,36.33,20.81
278.51814126968384,0.2757676,0.812,36.3,20.83
278.863139629364,0.2701863,0.812,36.22,20.81
279.2081377506256,0.09965222,0.812,36.25,20.82
279.5531373023987,0.1128818,0.862,36.28,20.82
279.89813470840454,0.11267479999999999,0.863,36.26,20.82
280.2431335449219,0.1120546,0.863,36.3,20.81
280.58813190460205,0.1126747,0.863,36.21,20.81
280.9331295490265,0.1244575,0.863,36.27,20.82
281.2781274318695,0.12073670000000002,0.863,36.3,20.83
281.62312602996826,0.1308654,0.863,36.24,20.82
281.96812415122986,0.1273514,0.863,36.27,20.81
282.3131217956543,0.1335527,0.863,36.27,20.82
282.6576614379883,0.1389272,0.863,36.35,20.82
283.00223779678345,0.1327257,0.863,36.22,20.82
283.34677839279175,0.136033,0.863,36.27,20.82
283.6918020248413,0.1426478,0.863,36.29,20.81
284.03685307502747,0.1331391,0.863,36.28,20.81
284.3813600540161,0.14388800000000002,0.863,36.23,20.82
284.7263572216034,0.1366532,0.863,36.21,20.81
285.0713560581207,0.1416142,0.863,36.24,20.82
285.4163534641266,0.1393404,0.863,36.22,20.83
285.7613515853882,0.1401671,0.863,36.29,20.82
286.1063506603241,0.14884889999999998,0.863,36.32,20.83
286.4513487815857,0.1434742,0.863,36.29,20.82
286.79634714126587,0.1538096,0.863,36.34,20.81
287.1413469314575,0.15029599999999999,0.863,36.32,20.82
287.4863438606262,0.15587689999999998,0.863,36.32,20.82
287.8313422203064,0.1595976,0.863,36.29,20.83
288.17633986473083,0.1540165,0.863,36.32,20.83
288.5208520889282,0.157944,0.863,36.29,20.82
288.8653597831726,0.1554634,0.863,36.21,20.82
289.21035838127136,0.1591842,0.863,36.26,20.82
289.55487036705017,0.1616648,0.863,36.27,20.84
289.8998918533325,0.1641452,0.863,36.31,20.83
290.2449195384979,0.1711732,0.863,36.21,20.84
290.5899658203125,0.1697263,0.863,36.32,20.82
290.9349899291992,0.1748938,0.863,36.33,20.83
291.2800147533417,0.1779945,0.863,36.3,20.82
291.6245913505554,0.1806817,0.863,36.29,20.83
291.96959233283997,0.1823355,0.863,36.25,20.82
292.31459045410156,0.189777,0.863,36.28,20.82
292.6595892906189,0.19349760000000002,0.863,36.27,20.83
293.004585981369,0.19845859999999999,0.863,36.23,20.83
293.34958362579346,0.2019728,0.863,36.33,20.83
293.6940984725952,0.2112746,0.863,36.33,20.83
294.0386073589325,0.21024099999999998,0.863,36.26,20.82
294.3836052417755,0.08683663,0.863,36.27,20.82
294.72860193252563,0.08828338,0.878,36.33,20.83
295.0736017227173,0.09283096,0.913,36.25,20.82
295.41860127449036,0.09427788000000001,0.914,36.28,20.82
295.7635977268219,0.10316639999999999,0.914,36.33,20.82
296.10859537124634,0.1046135,0.914,36.36,20.82
296.4535942077637,0.1093676,0.914,36.25,20.82
296.79859352111816,0.1168094,0.914,36.29,20.82
297.143590927124,0.1213568,0.914,36.3,20.82
297.4885892868042,0.12466409999999999,0.914,36.38,20.81
297.8335876464844,0.13065849999999998,0.914,36.27,20.81
298.178585767746,0.1277645,0.914,36.25,20.82
298.5235843658447,0.1395469,0.914,36.27,20.82
298.8685824871063,0.1393403,0.914,36.27,20.83
299.2135810852051,0.1436812,0.914,36.32,20.81
299.5585789680481,0.1507094,0.914,36.27,20.81
299.90357732772827,0.1498822,0.914,36.29,20.82
300.248575925827,0.1544296,0.914,36.32,20.83
300.5935742855072,0.1536032,0.914,36.17,20.84
300.9385724067688,0.15711719999999998,0.914,36.3,20.82
301.28357100486755,0.1660057,0.914,36.21,20.83
301.6285698413849,0.1703463,0.914,36.19,20.81
301.9735686779022,0.1666256,0.914,36.26,20.82
302.31856632232666,0.1709665,0.914,36.3,20.83
302.6635642051697,0.17034639999999998,0.913,36.24,20.83
303.00856161117554,0.1794416,0.913,36.33,20.82
303.3535599708557,0.169933,0.913,36.33,20.82
303.6985580921173,0.178408,0.913,36.28,20.84
304.0435571670532,0.1835758,0.913,36.27,20.83
304.38855743408203,0.1916372,0.913,36.27,20.82
304.733553647995,0.1879165,0.913,36.3,20.83
305.07855200767517,0.1908103,0.913,36.31,20.83
305.4235506057739,0.19308430000000001,0.913,36.35,20.82
305.76855206489563,0.19515149999999998,0.913,36.24,20.82
306.11354899406433,0.1963915,0.913,36.34,20.83
306.4585475921631,0.1951513,0.913,36.27,20.82
306.8035445213318,0.2027996,0.913,36.32,20.83
307.14854192733765,0.20776039999999998,0.913,36.32,20.83
307.4935405254364,0.212308,0.913,36.3,20.83
307.83853793144226,0.2106543,0.913,36.36,20.83
308.1835370063782,0.21375509999999998,0.913,36.28,20.83
308.52853512763977,0.22078309999999998,0.913,36.29,20.82
308.87353348731995,0.2162354,0.913,36.28,20.83
309.2185311317444,0.21871590000000002,0.913,36.3,20.83
309.5635313987732,0.2203697,0.913,36.3,20.83
309.9080457687378,0.05727737,0.913,36.28,20.82
310.25306940078735,0.05996446,0.956,36.34,20.84
310.59813022613525,0.058310560000000004,0.961,36.38,20.82
310.9426739215851,0.06120457000000001,0.961,36.37,20.82
311.2877218723297,0.06451198000000001,0.961,36.31,20.82
311.63272070884705,0.06678539,0.961,36.34,20.82
311.97771883010864,0.06905966999999999,0.961,36.37,20.82
312.32371640205383,0.0690594,0.961,36.35,20.83
312.66871523857117,0.07588076,0.962,36.35,20.8
313.0137138366699,0.07608779,0.962,36.26,20.81
313.3587119579315,0.07650109,0.963,36.36,20.83
313.7032256126404,0.07546752,0.963,36.35,20.81
314.04873299598694,0.08208224,0.963,36.32,20.81
314.3937313556671,0.08125531,0.963,36.28,20.82
314.73872923851013,0.08456273,0.963,36.26,20.82
315.0837275981903,0.08538949000000001,0.963,36.37,20.82
315.42872524261475,0.08580295,0.963,36.4,20.83
315.77372431755066,0.09035051999999999,0.963,36.23,20.82
316.11872243881226,0.09841216,0.962,36.33,20.83
316.4637200832367,0.09696524,0.962,36.41,20.83
316.8087191581726,0.09283102,0.962,36.38,20.83
317.1537175178528,0.09861876,0.962,36.29,20.81
317.49871492385864,0.10006570000000001,0.962,36.3,20.83
317.8427143096924,0.1015127,0.962,36.34,20.82
318.18722677230835,0.10461329999999999,0.962,36.33,20.84
318.5322504043579,0.1075073,0.962,36.25,20.82
318.8773045539856,0.1044065,0.962,36.36,20.83
319.2223312854767,0.10606,0.962,36.36,20.83
319.5673587322235,0.1168093,0.962,36.36,20.83
319.9124119281769,0.10544,0.962,36.34,20.83
320.25694704055786,0.11432830000000001,0.962,36.32,20.83
320.6019461154938,0.1147417,0.962,36.29,20.83
320.94645619392395,0.1254909,0.962,36.27,20.83
321.29096388816833,0.1151553,0.962,36.31,20.84
321.63596177101135,0.12466379999999999,0.962,36.35,20.84
321.9809603691101,0.1271444,0.962,36.23,20.84
322.32595896720886,0.1244572,0.962,36.26,20.84
322.67095828056335,0.1304517,0.962,36.28,20.84
323.0159547328949,0.1335521,0.962,36.29,20.83
323.3609540462494,0.1380998,0.962,36.34,20.83
323.70595240592957,0.142234,0.963,36.24,20.83
324.0509498119354,0.1370663,0.963,36.37,20.83
324.39594888687134,0.145748,0.963,36.3,20.83
324.74094700813293,0.14430120000000002,0.963,36.32,20.83
325.0859456062317,-0.029333309999999998,0.963,36.32,20.83
325.4309437274933,-0.02561254,0.963,36.3,20.84
325.77594232559204,-0.01734425,1.015,36.33,20.84
326.12094163894653,-0.02147864,1.016,36.27,20.83
326.4659390449524,-0.01713771,1.015,36.26,20.82
326.810937166214,-0.01072959,1.014,36.26,20.82
327.155935049057,-0.01672431,1.014,36.27,20.82
327.50093388557434,-0.01362387,1.014,36.37,20.83
327.8459324836731,-0.009696237,1.013,36.32,20.83
328.19093322753906,-0.01052316,1.013,36.24,20.84
328.53593015670776,-0.003288277,1.013,36.34,20.84
328.8809289932251,-0.003288114,1.013,36.32,20.82
329.22592759132385,0.002913305,1.013,36.35,20.83
329.5709230899811,0.0008460572,1.013,36.31,20.83
329.91592359542847,-0.002048329,1.013,36.34,20.84
330.26092076301575,-0.0001877296,1.013,36.28,20.84
330.6059184074402,0.0002257309,1.013,36.29,20.83
330.9509165287018,0.003946604,1.013,36.32,20.84
331.2959175109863,0.005599958,1.013,36.26,20.85
331.64091324806213,0.0103544,1.013,36.34,20.83
331.98591232299805,0.009320886,1.013,36.34,20.84
332.3309099674225,0.009734076,1.013,36.37,20.83
332.675909280777,0.01242154,1.013,36.28,20.83
333.02090668678284,0.020896699999999997,1.013,36.26,20.83
333.36590600013733,0.01862258,1.013,36.32,20.83
333.7109034061432,0.02296351,1.013,36.35,20.82
334.0559034347534,0.02379038,1.013,36.32,20.82
334.40089988708496,0.036192999999999996,1.013,36.28,20.83
334.74589920043945,0.028751520000000003,1.013,36.3,20.83
335.09089756011963,0.03019839,1.013,36.24,20.81
335.43589520454407,0.027717679999999998,1.013,36.24,20.82
335.7808949947357,0.031645259999999995,1.013,36.3,20.83
336.12589263916016,0.03805349,1.013,36.29,20.82
336.4708921909332,0.035159380000000004,1.013,36.32,20.83
336.8158917427063,0.03970706,1.013,36.35,20.81
337.1608877182007,0.039087010000000005,1.013,36.29,20.82
337.50588607788086,0.0446681,1.013,36.27,20.82
337.85088419914246,0.041980579999999997,1.013,36.27,20.82
338.1958818435669,0.04508145,1.013,36.3,20.83
338.5408809185028,0.042807660000000004,1.013,36.28,20.82
338.885879278183,0.046942,1.013,36.37,20.83
339.23087668418884,0.04570172,1.013,36.29,20.84
339.575875043869,0.046528480000000004,1.013,36.3,20.82
339.9208743572235,0.04859535,1.013,36.29,20.84
340.2658727169037,0.04425458,1.014,36.28,20.83
340.61087107658386,-0.1169776,1.014,36.27,20.85
340.9558687210083,-0.1101564,1.014,36.34,20.83
341.3008668422699,-0.1087092,1.065,36.4,20.83
341.6458652019501,-0.1099496,1.066,36.31,20.82
341.990864276886,-0.1153241,1.066,36.33,20.82
342.33586287498474,-0.1062286,1.066,36.3,20.82
342.68086099624634,-0.1101562,1.066,36.33,20.82
343.0258593559265,-0.1140838,1.066,36.34,20.82
343.3708577156067,-0.1107766,1.066,36.27,20.82
343.71585631370544,-0.10850280000000001,1.066,36.32,20.82
344.0608534812927,-0.10416170000000001,1.066,36.25,20.82
344.4058530330658,-0.09878686,1.066,36.28,20.82
344.7508509159088,-0.1000275,1.066,36.24,20.81
345.0948495864868,-0.0940328,1.066,36.27,20.82
345.4398469924927,-0.08989863,1.066,36.25,20.82
345.78484630584717,-0.09279258,1.066,36.3,20.82
346.1298453807831,-0.088865,1.066,36.33,20.82
346.47484397888184,-0.08679824,1.066,36.32,20.81
346.81984305381775,-0.08535132,1.066,36.27,20.82
347.1648404598236,-0.08638473,1.066,36.31,20.84
347.50983786582947,-0.07687606,1.066,36.2,20.82
347.85483598709106,-0.08018331000000001,1.066,36.24,20.81
348.19983434677124,-0.08245715,1.066,36.31,20.82
348.54483294487,-0.08018353,1.066,36.25,20.82
348.88983130455017,-0.07625595,1.066,36.22,20.82
349.23482966423035,-0.07150167,1.066,36.35,20.82
349.5798270702362,-0.07088151000000001,1.066,36.26,20.82
349.9248261451721,-0.07398232,1.066,36.34,20.83
350.26982522010803,-0.07377508,1.066,36.29,20.83
350.6143352985382,-0.06736761,1.066,36.24,20.81
350.95984268188477,-0.06013278,1.066,36.35,20.81
351.30435371398926,-0.05703196,1.066,36.31,20.83
351.6498601436615,-0.05372471,1.066,36.33,20.82
351.99485778808594,-0.051037679999999995,1.066,36.26,20.82
352.339857339859,-0.04628334,1.066,36.31,20.82
352.6848554611206,-0.04649016,1.066,36.28,20.83
353.02985310554504,-0.04318258,1.066,36.33,20.82
353.3748519420624,-0.04152906,1.066,36.25,20.84
353.71985054016113,-0.03594786,1.066,36.29,20.82
354.06484866142273,-0.02375205,1.066,36.26,20.81
354.4093699455261,-0.02767952,1.066,36.3,20.82
354.75439190864563,-0.02581957,1.066,36.26,20.82
355.09893321990967,-0.02561265,1.066,36.29,20.83
355.4434640407562,-0.017550740000000002,1.066,36.24,20.83
355.78848934173584,-0.1802302,1.066,36.28,20.83
356.1335196495056,-0.1740289,1.066,36.29,20.82
356.47808623313904,-0.1763025,1.117,36.23,20.83
356.82362151145935,-0.1680343,1.117,36.33,20.82
357.16868233680725,-0.1709282,1.117,36.27,20.8
357.513710975647,-0.15893870000000002,1.117,36.32,20.82
357.85824489593506,-0.1628667,1.116,36.3,20.83
358.203243970871,-0.1471564,1.116,36.38,20.82
358.5482430458069,-0.1424021,1.116,36.28,20.83
358.8932411670685,-0.1475701,1.116,36.31,20.82
359.23823833465576,-0.1459164,1.116,36.28,20.83
359.5832371711731,-0.14136869999999999,1.116,36.28,20.83
359.92823553085327,-0.1376484,1.116,36.31,20.83
360.2722339630127,-0.13558109999999998,1.116,36.28,20.8
360.6167471408844,-0.1233851,1.116,36.28,20.81
360.96125650405884,-0.12359180000000002,1.116,36.3,20.82
361.30625462532043,-0.12317850000000001,1.116,36.3,20.82
361.6507668495178,-0.12235189999999999,1.116,36.24,20.82
361.99581503868103,-0.11553039999999999,1.116,36.23,20.81
362.34084129333496,-0.1120162,1.116,36.35,20.83
362.6858654022217,-0.1072621,1.116,36.3,20.81
363.03091311454773,-0.1043682,1.116,36.29,20.81
363.3759365081787,-0.10436830000000001,1.116,36.38,20.81
363.72047567367554,-0.09940741,1.116,36.29,20.82
364.0654776096344,-0.09258588,1.116,36.22,20.83
364.41047263145447,-0.08597127,1.116,36.26,20.81
364.75547075271606,-0.08493792,1.116,36.31,20.81
365.10046887397766,-0.07439562,1.116,36.29,20.82
365.4454662799835,-0.08225083000000001,1.116,36.27,20.81
365.790465593338,-0.07026156,1.116,36.24,20.8
366.1354637145996,-0.06922788,1.116,36.26,20.83
366.48046135902405,-0.06323354,1.116,36.31,20.81
366.8254601955414,-0.062200029999999996,1.116,36.32,20.81
367.16997814178467,-0.05889267,1.116,36.38,20.81
367.51549220085144,-0.051657730000000006,1.116,36.31,20.81
367.8600013256073,-0.048557130000000004,1.116,36.32,20.81
368.20450830459595,-0.04897059,1.116,36.32,20.82
368.54950737953186,-0.04359593,1.116,36.28,20.82
368.89450550079346,-0.04173587,1.116,36.26,20.82
369.2395040988922,-0.040702300000000004,1.116,36.27,20.82
369.5845024585724,-0.02809314,1.116,36.25,20.81
369.9295003414154,-0.02271853,1.116,36.3,20.82
370.2744982242584,-0.02561276,1.116,36.31,20.82
370.6194968223572,-0.0220987,1.116,36.22,20.83
370.9644956588745,-0.1827106,1.116,36.31,20.82
371.30949330329895,-0.1754758,1.116,36.3,20.8
371.6544916629791,-0.1763023,1.167,36.27,20.83
371.9994914531708,-0.1682409,1.167,36.32,20.82
372.3444893360138,-0.1618331,1.167,36.29,20.82
372.6894874572754,-0.15831889999999998,1.167,36.31,20.8
373.0344877243042,-0.1490169,1.167,36.27,20.8
373.3794860839844,-0.1517044,1.167,36.26,20.81
373.72448229789734,-0.14695029999999998,1.167,36.16,20.81
374.06948018074036,-0.1407488,1.167,36.27,20.83
374.41447925567627,-0.14343640000000002,1.167,36.24,20.82
374.75947761535645,-0.1331009,1.167,36.29,20.81
375.1044750213623,-0.13413429999999998,1.167,36.27,20.8
375.4494740962982,-0.12586609999999998,1.167,36.26,20.81
375.7944724559784,-0.11594389999999999,1.167,36.28,20.81
376.13947081565857,-0.11139610000000001,1.167,36.26,20.81
376.4844694137573,-0.10395499999999999,1.167,36.32,20.8
376.82846784591675,-0.10540200000000001,1.167,36.23,20.81
377.1734666824341,-0.09692675,1.167,36.27,20.8
377.51846408843994,-0.08555754,1.167,36.3,20.81
377.8634617328644,-0.09217258,1.167,36.28,20.81
378.2084608078003,-0.08225060999999999,1.167,36.26,20.81
378.5534589290619,-0.07294880999999999,1.167,36.21,20.8
378.8984577655792,-0.0735687,1.167,36.22,20.82
379.2434551715851,-0.0673675,1.167,36.22,20.81
379.58845353126526,-0.059512829999999996,1.167,36.25,20.82
379.9334526062012,-0.05847926,1.167,36.28,20.82
380.27845096588135,-0.05248444,1.166,36.25,20.82
380.6234486103058,-0.045043179999999995,1.166,36.25,20.81
380.9684467315674,-0.0413222,1.166,36.28,20.81
381.31344628334045,-0.0369817,1.166,36.27,20.81
381.65844464302063,-0.0369817,1.166,36.26,20.81
382.0034430027008,-0.033674449999999995,1.166,36.23,20.81
382.3484411239624,-0.031400449999999996,1.166,36.2,20.82
382.6934404373169,-0.029126709999999997,1.166,36.29,20.81
383.03795099258423,-0.02747303,1.166,36.26,20.82
383.3834578990936,-0.02251205,1.166,36.23,20.81
383.72845697402954,-0.01879128,1.166,36.28,20.82
384.07345390319824,-0.01837777,1.166,36.22,20.8
384.4184527397156,-0.01610398,1.166,36.34,20.8
384.76345133781433,-0.01197003,1.166,36.29,20.81
385.1084487438202,-0.004735145,1.166,36.3,20.79
385.4534480571747,-0.009075911,1.166,36.22,20.81
385.79844641685486,-0.008042612,1.166,36.24,20.81
386.14344453811646,-0.007835583,1.166,36.26,20.81
386.4884421825409,-0.11181,1.166,36.26,20.81
386.8334424495697,-0.1672075,1.166,36.28,20.82
387.178439617157,-0.1628667,1.217,36.26,20.81
387.52343797683716,-0.1663807,1.217,36.29,20.81
387.86795473098755,-0.1576988,1.218,36.26,20.81
388.21246457099915,-0.1603864,1.218,36.26,20.8
388.55746030807495,-0.1576988,1.218,36.28,20.8
388.9024586677551,-0.1552185,1.218,36.24,20.81
389.24745631217957,-0.1560454,1.218,36.26,20.81
389.591970205307,-0.156459,1.217,36.34,20.81
389.9369900226593,-0.15108439999999998,1.217,36.26,20.81
390.2820427417755,-0.1525314,1.217,36.27,20.8
390.6270625591278,-0.148397,1.217,36.21,20.81
390.97160387039185,-0.1446762,1.217,36.25,20.82
391.31612277030945,-0.1529446,1.217,36.32,20.83
391.66114830970764,-0.1473633,1.217,36.21,20.82
392.0062234401703,-0.1457098,1.217,36.3,20.8
392.35125494003296,-0.1494306,1.217,36.29,20.8
392.69628500938416,-0.1446762,1.217,36.26,20.8
393.04083037376404,-0.1393015,1.217,36.26,20.8
393.38583040237427,-0.13806169999999998,1.217,36.3,20.81
393.7303454875946,-0.1390951,1.217,36.19,20.8
394.0748555660248,-0.1376478,1.217,36.26,20.8
394.4198536872864,-0.1372347,1.217,36.25,20.79
394.76436829566956,-0.1312404,1.217,36.34,20.79
395.10941886901855,-0.1258658,1.217,36.26,20.81
395.4544553756714,-0.1279326,1.216,36.27,20.81
395.7995066642761,-0.1233852,1.216,36.26,20.8
396.14453506469727,-0.12111129999999999,1.216,36.31,20.79
396.4890730381012,-0.1196646,1.216,36.27,20.79
396.8335864543915,-0.11987129999999999,1.216,36.26,20.8
397.1780960559845,-0.12359219999999999,1.215,36.25,20.81
397.5230951309204,-0.1113962,1.215,36.23,20.8
397.8680901527405,-0.11408329999999998,1.215,36.32,20.8
398.21308994293213,-0.11284330000000001,1.215,36.29,20.81
398.55808758735657,-0.1099493,1.215,36.25,20.79
398.90308713912964,-0.1025079,1.215,36.27,20.8
399.24808740615845,-0.10457520000000001,1.215,36.2,20.82
399.59308195114136,-0.09651301999999999,1.215,36.37,20.81
399.9380807876587,-0.09878719,1.215,36.24,20.81
400.283079624176,-0.1027145,1.215,36.23,20.82
400.62808060646057,-0.09920087000000001,1.215,36.29,20.81
400.9730772972107,-0.08783138,1.215,36.24,20.81
401.3190772533417,-0.09796059,1.215,36.29,20.81
401.66407322883606,-0.09237934,1.215,36.3,20.79
402.00907135009766,-0.09589372,1.215,36.3,20.79
402.3540723323822,-0.2238455,1.215,36.29,20.82
402.69906783103943,-0.224879,1.27,36.33,20.8
403.04357862472534,-0.21681720000000002,1.27,36.26,20.8
403.388085603714,-0.2155771,1.27,36.28,20.82
403.73308420181274,-0.2153705,1.27,36.23,20.82
404.0780816078186,-0.2135099,1.27,36.3,20.81
404.42308139801025,-0.2112361,1.269,36.23,20.8
404.76807928085327,-0.2077218,1.268,36.24,20.82
405.11307764053345,-0.2077223,1.268,36.33,20.79
405.4580760002136,-0.211443,1.267,36.26,20.79
405.8030743598938,-0.2011073,1.267,36.22,20.81
406.1480724811554,-0.2097895,1.267,36.28,20.81
406.49307084083557,-0.2046218,1.267,36.28,20.82
406.8380694389343,-0.2050354,1.267,36.18,20.82
407.1820683479309,-0.1986272,1.267,36.18,20.83
407.52706599235535,-0.2023479,1.268,36.22,20.83
407.87206506729126,-0.20152119999999998,1.268,36.26,20.81
408.2170617580414,-0.2002813,1.268,36.27,20.81
408.56106090545654,-0.20069430000000002,1.268,36.28,20.81
408.90557169914246,-0.1955268,1.268,36.16,20.81
409.2505900859833,-0.1934596,1.268,36.33,20.81
409.59564566612244,-0.1889118,1.268,36.26,20.81
409.9406762123108,-0.1920126,1.268,36.24,20.82
410.28569746017456,-0.19263280000000002,1.268,36.25,20.81
410.6302616596222,-0.18167719999999998,1.268,36.24,20.82
410.974773645401,-0.18663849999999998,1.268,36.24,20.82
411.3202805519104,-0.1763025,1.268,36.24,20.83
411.6647958755493,-0.1758893,1.268,36.26,20.82
412.00930309295654,-0.174856,1.268,36.26,20.81
412.35430240631104,-0.1729955,1.268,36.3,20.81
412.6992995738983,-0.1705152,1.268,36.17,20.81
413.0442988872528,-0.1709287,1.267,36.25,20.8
413.389297246933,-0.1663812,1.267,36.24,20.81
413.73429560661316,-0.16328009999999998,1.267,36.28,20.82
414.07929372787476,-0.1661744,1.267,36.26,20.8
414.4242913722992,-0.1583195,1.267,36.33,20.81
414.7692902088165,-0.1591461,1.267,36.31,20.8
415.11428904533386,-0.16121329999999998,1.267,36.25,20.8
415.45928716659546,-0.1519114,1.267,36.23,20.81
415.80428552627563,-0.1519116,1.267,36.23,20.81
416.1492838859558,-0.1585261,1.267,36.29,20.8
416.494282245636,-0.1564594,1.267,36.26,20.8
416.8392803668976,-0.1527383,1.267,36.18,20.82
417.18427896499634,-0.1508781,1.267,36.23,20.82
417.5292775630951,-0.3203783,1.267,36.24,20.81
417.8742756843567,-0.31831129999999996,1.267,36.27,20.81
418.2192733287811,-0.3040479,1.319,36.19,20.82
418.5642731189728,-0.3050817,1.319,36.19,20.82
418.90927267074585,-0.3071486,1.319,36.26,20.82
419.25426840782166,-0.3054954,1.319,36.28,20.81
419.5992662906647,-0.3038415,1.319,36.28,20.8
419.94426584243774,-0.3019813,1.319,36.24,20.82
420.28826332092285,-0.299914,1.319,36.3,20.82
420.63326239585876,-0.2972269,1.319,36.25,20.82
420.9782598018646,-0.2932999,1.319,36.27,20.83
421.3232591152191,-0.2856512,1.319,36.28,20.8
421.6682574748993,-0.28482460000000004,1.319,36.19,20.82
422.01325488090515,-0.2761424,1.319,36.27,20.81
422.35825419425964,-0.2800702,1.32,36.23,20.82
422.70325231552124,-0.2724221,1.32,36.28,20.81
423.0482506752014,-0.2722152,1.32,36.2,20.81
423.39324831962585,-0.2703547,1.32,36.26,20.82
423.73824739456177,-0.2682877,1.32,36.29,20.82
424.08275961875916,-0.2668408,1.32,36.31,20.82
424.4282670021057,-0.26374030000000004,1.32,36.2,20.81
424.77326464653015,-0.2542313,1.32,36.26,20.81
425.1182630062103,-0.2622932,1.32,36.26,20.82
425.4632623195648,-0.2558852,1.32,36.24,20.82
425.8082604408264,-0.2610532,1.32,36.26,20.82
426.15277218818665,-0.2538182,1.32,36.23,20.81
426.49727988243103,-0.25712569999999996,1.32,36.27,20.81
426.8422782421112,-0.256299,1.32,36.23,20.81
427.1867890357971,-0.25278459999999997,1.32,36.28,20.81
427.5318167209625,-0.25299150000000004,1.32,36.27,20.81
427.8768849372864,-0.2434831,1.32,36.21,20.83
428.22143602371216,-0.24327610000000002,1.32,36.27,20.83
428.56594681739807,-0.2376946,1.32,36.29,20.82
428.9109933376312,-0.244723,1.32,36.25,20.83
429.2555322647095,-0.236041,1.32,36.25,20.82
429.6000728607178,-0.23252720000000002,1.32,36.25,20.82
429.94511556625366,-0.23728190000000002,1.32,36.25,20.81
430.2896568775177,-0.2252923,1.32,36.28,20.84
430.63416147232056,-0.22591270000000002,1.32,36.24,20.83
430.97872376441956,-0.23046029999999998,1.32,36.22,20.82
431.32325863838196,-0.2257061,1.32,36.24,20.82
431.6682782173157,-0.22591270000000002,1.32,36.29,20.81
432.0133249759674,-0.2159907,1.32,36.2,20.81
432.3583517074585,-0.21702410000000003,1.32,36.27,20.81
432.7034001350403,-0.2180578,1.32,36.26,20.83
433.048424243927,-0.2366617,1.32,36.23,20.82
433.3924539089203,-0.3489041,1.32,36.21,20.82
433.737016916275,-0.3398088,1.369,36.27,20.81
434.08154821395874,-0.3342275,1.371,36.33,20.82
434.42657470703125,-0.3393952,1.371,36.2,20.81
434.7711343765259,-0.3393954,1.371,36.26,20.81
435.11613178253174,-0.3309202,1.371,36.25,20.82
435.46113109588623,-0.33029990000000004,1.37,36.25,20.82
435.8061285018921,-0.33029990000000004,1.37,36.25,20.81
436.15112686157227,-0.32368539999999996,1.37,36.25,20.82
436.49612498283386,-0.3236857,1.37,36.23,20.82
436.8411247730255,-0.32430580000000003,1.37,36.25,20.82
437.1861250400543,-0.3108692,1.37,36.22,20.81
437.5311212539673,-0.3195515,1.37,36.26,20.82
437.8756527900696,-0.3174839,1.37,36.23,20.81
438.22019267082214,-0.31335,1.37,36.22,20.81
438.56474018096924,-0.30094740000000003,1.37,36.25,20.82
438.9097650051117,-0.3071488,1.37,36.29,20.82
439.2548146247864,-0.30342820000000004,1.37,36.21,20.82
439.5988700389862,-0.30053409999999997,1.37,36.26,20.81
439.94337797164917,-0.2945395,1.371,36.23,20.82
440.28837609291077,-0.292059,1.371,36.34,20.82
440.6333737373352,-0.2852377,1.371,36.25,20.81
440.978374004364,-0.2870984,1.371,36.32,20.81
441.3228859901428,-0.28999220000000003,1.371,36.28,20.81
441.667906999588,-0.28234400000000004,1.371,36.26,20.82
442.01296067237854,-0.2782097,1.371,36.22,20.82
442.35799074172974,-0.27634929999999996,1.371,36.19,20.8
442.70303606987,-0.27407560000000003,1.371,36.33,20.81
443.0480902194977,-0.26890759999999997,1.371,36.23,20.8
443.3925998210907,-0.2684941,1.371,36.19,20.81
443.7375979423523,-0.2645669,1.371,36.19,20.81
444.0821099281311,-0.2711819,1.371,36.21,20.81
444.4276168346405,-0.2633268,1.371,36.3,20.83
444.7721338272095,-0.26808109999999996,1.371,36.29,20.83
445.1166412830353,-0.26063980000000003,1.371,36.25,20.82
445.46163988113403,-0.2569186,1.371,36.28,20.81
445.80663800239563,-0.2534045,1.371,36.29,20.81
446.1516366004944,-0.24803029999999998,1.371,36.24,20.82
446.49663400650024,-0.2519576,1.371,36.23,20.81
446.84163308143616,-0.24492969999999997,1.371,36.22,20.83
447.18663144111633,-0.2488571,1.371,36.28,20.81
447.5316298007965,-0.24575650000000002,1.371,36.26,20.82
447.87614369392395,-0.23666120000000002,1.371,36.19,20.81
448.22116708755493,-0.2416223,1.371,36.24,20.83
448.56573367118835,-0.3627532,1.371,36.2,20.82
448.9102683067322,-0.3551049,1.371,36.18,20.82
449.2552921772003,-0.3565521,1.42,36.24,20.81
449.6003522872925,-0.3509707,1.42,36.26,20.81
449.94537925720215,-0.3503506,1.42,36.25,20.82
450.290403842926,-0.3453894,1.421,36.26,20.84
450.63545298576355,-0.3493174,1.421,36.19,20.83
450.9804804325104,-0.345183,1.422,36.22,20.82
451.3255293369293,-0.3391884,1.422,36.22,20.82
451.67006850242615,-0.3408419,1.422,36.23,20.85
452.0145797729492,-0.33980849999999996,1.422,36.21,20.83
452.35908675193787,-0.3400152,1.422,36.26,20.83
452.70408511161804,-0.3336074,1.422,36.23,20.83
453.0490834712982,-0.3402223,1.422,36.29,20.83
453.39408254623413,-0.3348477,1.422,36.26,20.84
453.7390809059143,-0.33340070000000005,1.422,36.2,20.84
454.0840792655945,-0.3305069,1.422,36.28,20.83
454.4290769100189,-0.3276127,1.422,36.24,20.84
454.77407670021057,-0.3265792,1.422,36.25,20.82
455.11907410621643,-0.326579,1.422,36.24,20.82
455.46307253837585,-0.3236852,1.422,36.26,20.82
455.80807089805603,-0.3203781,1.422,36.28,20.83
456.15306854248047,-0.3158306,1.422,36.33,20.83
456.4980676174164,-0.3150034,1.422,36.3,20.83
456.84306597709656,-0.31934460000000003,1.422,36.23,20.83
457.18806505203247,-0.3092154,1.421,36.26,20.82
457.53258061408997,-0.3156235,1.421,36.15,20.83
457.8770909309387,-0.3100427,1.421,36.23,20.83
458.2216100692749,-0.30838889999999997,1.421,36.22,20.84
458.5666296482086,-0.308182,1.421,36.23,20.83
458.911682844162,-0.31190280000000004,1.421,36.24,20.82
459.25671100616455,-0.3137636,1.421,36.24,20.83
459.60176706314087,-0.30528819999999995,1.421,36.21,20.83
459.9462764263153,-0.30590849999999997,1.421,36.24,20.84
460.2912747859955,-0.30177390000000004,1.421,36.28,20.84
460.63578844070435,-0.30094719999999997,1.421,36.28,20.84
460.980295419693,-0.3054949,1.421,36.18,20.84
461.3242943286896,-0.3038412,1.421,36.21,20.83
461.669291973114,-0.2999138,1.421,36.26,20.83
462.0138063430786,-0.3065286,1.421,36.24,20.85
462.3583142757416,-0.2972261,1.421,36.18,20.84
462.70331263542175,-0.29825999999999997,1.421,36.23,20.82
463.0483100414276,-0.30115400000000003,1.421,36.17,20.83
463.3933084011078,-0.3005338,1.421,36.24,20.83
463.7378306388855,-0.2947458,1.421,36.22,20.81
464.0828490257263,-0.3551045,1.421,36.23,20.82
464.4278998374939,-0.4297268,1.421,36.23,20.82
464.7729229927063,-0.4156702,1.471,36.27,20.82
465.11794996261597,-0.4152566,1.472,36.27,20.84
465.4624865055084,-0.41877119999999995,1.472,36.2,20.84
465.8074851036072,-0.419598,1.472,36.23,20.82
466.15248370170593,-0.42455899999999996,1.472,36.21,20.84
466.4974811077118,-0.42455899999999996,1.471,36.18,20.83
466.84248089790344,-0.42435249999999997,1.471,36.2,20.84
467.1870012283325,-0.4162905,1.471,36.23,20.83
467.53151178359985,-0.4235253,1.471,36.17,20.83
467.8765091896057,-0.4167039,1.471,36.22,20.82
468.2215087413788,-0.41959810000000003,1.471,36.24,20.83
468.5665066242218,-0.41629059999999996,1.472,36.19,20.83
468.911504983902,-0.41132929999999995,1.472,36.25,20.82
469.25650358200073,-0.4152566,1.472,36.25,20.83
469.60150170326233,-0.4144299,1.472,36.23,20.84
469.94649934768677,-0.40636819999999996,1.472,36.24,20.83
470.2914984226227,-0.4109161,1.472,36.26,20.83
470.63649702072144,-0.4078153,1.472,36.18,20.82
470.98149514198303,-0.4150502,1.472,36.25,20.84
471.3264937400818,-0.4111227,1.472,36.31,20.83
471.6714925765991,-0.4107094,1.472,36.23,20.82
472.01649022102356,-0.4080222,1.472,36.22,20.82
472.36148858070374,-0.4053347,1.472,36.22,20.83
472.70548605918884,-0.41380999999999996,1.472,36.23,20.84
473.05048513412476,-0.4071952,1.472,36.26,20.82
473.39548349380493,-0.4123634,1.472,36.22,20.82
473.74048113822937,-0.3997536,1.472,36.21,20.82
474.08499479293823,-0.4034742,1.472,36.24,20.82
474.4295024871826,-0.403681,1.472,36.3,20.84
474.7745010852814,-0.4028546,1.472,36.26,20.84
475.11901211738586,-0.4024409,1.472,36.28,20.83
475.4640579223633,-0.3999607,1.471,36.25,20.84
475.80908465385437,-0.3978935,1.471,36.21,20.82
476.1541156768799,-0.3966532,1.471,36.28,20.84
476.499680519104,-0.3935525,1.471,36.21,20.84
476.8447368144989,-0.39313939999999997,1.471,36.18,20.84
477.1902413368225,-0.38776449999999996,1.471,36.22,20.83
477.53528928756714,-0.3863178,1.471,36.2,20.84
477.87982749938965,-0.38528389999999996,1.471,36.24,20.83
478.2244915962219,-0.3815633,1.471,36.23,20.83
478.56952142715454,-0.38259689999999996,1.471,36.19,20.83
478.91454887390137,-0.3815635,1.471,36.27,20.84
479.2596113681793,-0.3867311,1.471,36.25,20.83
479.6046414375305,-0.3749483,1.471,36.24,20.85
479.94917941093445,-0.38094310000000003,1.471,36.24,20.83
480.2941777706146,-0.5492036,1.471,36.28,20.84
480.6386888027191,-0.5463095,1.519,36.29,20.83
480.98319578170776,-0.5409352,1.521,36.22,20.83
481.3281931877136,-0.5378343,1.521,36.2,20.84
481.6727080345154,-0.5423822,1.521,36.25,20.84
482.01775002479553,-0.5349400000000001,1.521,36.27,20.84
482.3617808818817,-0.5343207,1.521,36.2,20.85
482.70680713653564,-0.5301861,1.521,36.22,20.85
483.0513894557953,-0.5285325999999999,1.521,36.29,20.83
483.39640760421753,-0.5308062,1.521,36.28,20.83
483.7414050102234,-0.5258454,1.521,36.19,20.85
484.08640336990356,-0.5198507,1.521,36.23,20.84
484.43140172958374,-0.5219175,1.521,36.2,20.85
484.7763991355896,-0.5184036,1.521,36.23,20.82
485.12139868736267,-0.5196442,1.521,36.2,20.84
485.46639680862427,-0.5128226,1.521,36.24,20.84
485.8103950023651,-0.510549,1.521,36.24,20.84
486.15539360046387,-0.5099288000000001,1.521,36.2,20.84
486.5003926753998,-0.5088952,1.521,36.19,20.84
486.84539127349854,-0.5047615,1.521,36.21,20.84
487.1899037361145,-0.5029003,1.521,36.17,20.84
487.5344171524048,-0.5018671,1.521,36.24,20.84
487.8794138431549,-0.49814610000000004,1.521,36.23,20.85
488.2239236831665,-0.4981468,1.521,36.22,20.83
488.568975687027,-0.4925653,1.521,36.24,20.83
488.914005279541,-0.49421940000000003,1.521,36.25,20.83
489.2600345611572,-0.4882247,1.521,36.25,20.84
489.6046257019043,-0.4828502,1.521,36.23,20.83
489.9496204853058,-0.4847106,1.521,36.21,20.83
490.2946197986603,-0.4787158,1.521,36.25,20.84
490.63961815834045,-0.4797496,1.521,36.23,20.82
490.98461651802063,-0.4733416,1.521,36.18,20.84
491.3296148777008,-0.4737549,1.521,36.23,20.83
491.674613237381,-0.46486659999999996,1.521,36.24,20.83
492.0196113586426,-0.4636263,1.521,36.23,20.83
492.36460995674133,-0.4611461,1.521,36.2,20.82
492.70960879325867,-0.4561848,1.521,36.18,20.82
493.05460572242737,-0.4551515,1.521,36.2,20.82
493.3996047973633,-0.45411789999999996,1.521,36.19,20.83
493.7446024417877,-0.4522574,1.521,36.21,20.83
494.08960127830505,-0.4485367,1.521,36.24,20.83
494.4346001148224,-0.44378239999999997,1.521,36.21,20.83
494.77959728240967,-0.43882129999999997,1.521,36.24,20.83
495.1245975494385,-0.4396484,1.521,36.13,20.82
495.4691345691681,-0.4353072,1.521,36.23,20.81
495.813677072525,-0.6046014,1.521,36.26,20.84
496.1582179069519,-0.6112158999999999,1.521,36.25,20.82
496.5032410621643,-0.6068752,1.571,36.22,20.83
496.84829473495483,-0.5948851,1.572,36.24,20.84
497.1928322315216,-0.6056349,1.572,36.27,20.83
497.5378301143646,-0.5979865,1.572,36.29,20.83
497.8828299045563,-0.6058418999999999,1.572,36.24,20.82
498.22782707214355,-0.5988133,1.571,36.2,20.84
498.57233905792236,-0.5952991,1.571,36.25,20.83
498.9178466796875,-0.6002607,1.571,36.24,20.83
499.2618455886841,-0.5996399,1.571,36.25,20.83
499.6068425178528,-0.5915788,1.571,36.21,20.83
499.95184087753296,-0.5944725000000001,1.571,36.23,20.83
500.29635524749756,-0.5882714,1.571,36.25,20.81
500.6413953304291,-0.5907518,1.571,36.19,20.83
500.9864206314087,-0.5893045,1.571,36.24,20.83
501.3314435482025,-0.5808295,1.572,36.18,20.83
501.6764965057373,-0.5859975,1.572,36.17,20.83
502.0215263366699,-0.5750415,1.572,36.16,20.82
502.36606550216675,-0.5742154,1.572,36.21,20.85
502.71106362342834,-0.5750419,1.572,36.21,20.83
503.05557775497437,-0.5661535,1.572,36.24,20.84
503.40008449554443,-0.5624327,1.572,36.25,20.84
503.7450821399689,-0.5593323,1.572,36.25,20.84
504.09008169174194,-0.5520973,1.571,36.18,20.84
504.43507957458496,-0.5628462999999999,1.571,36.19,20.84
504.7800781726837,-0.5479629,1.571,36.27,20.85
505.12507677078247,-0.5473429000000001,1.571,36.28,20.84
505.4695918560028,-0.5442421000000001,1.571,36.18,20.82
505.8146095275879,-0.5384542999999999,1.571,36.22,20.83
506.1591868400574,-0.5394880999999999,1.571,36.2,20.82
506.50472378730774,-0.5378343,1.571,36.27,20.84
506.8497519493103,-0.5376278000000001,1.571,36.17,20.84
507.1948058605194,-0.5324599,1.571,36.23,20.83
507.5393476486206,-0.5337004,1.571,36.2,20.83
507.8848533630371,-0.5186104,1.571,36.29,20.82
508.2298972606659,-0.5194373999999999,1.571,36.17,20.82
508.5749349594116,-0.5235719000000001,1.571,36.17,20.82
508.91996669769287,-0.5138560999999999,1.571,36.21,20.82
509.26501727104187,-0.5157163,1.571,36.19,20.81
509.61004066467285,-0.5159232,1.571,36.19,20.83
509.95509219169617,-0.5051745000000001,1.571,36.21,20.83
510.30012226104736,-0.5018671,1.571,36.14,20.81
510.64514684677124,-0.498353,1.571,36.21,20.84
510.9902000427246,-0.6713676000000001,1.571,36.22,20.82
511.3352255821228,-0.670334,1.618,36.19,20.84
511.67975759506226,-0.6633058000000001,1.623,36.25,20.84
512.0247573852539,-0.6591716,1.623,36.26,20.84
512.3697543144226,-0.6546244,1.623,36.22,20.84
512.7147524356842,-0.657725,1.623,36.2,20.82
513.0597503185272,-0.6525567999999999,1.623,36.19,20.83
513.4047491550446,-0.6517305,1.622,36.21,20.83
513.7492618560791,-0.6480102999999999,1.622,36.2,20.83
514.0937695503235,-0.6428419,1.622,36.25,20.82
514.4387674331665,-0.6413955,1.622,36.18,20.83
514.7837655544281,-0.6356075,1.622,36.21,20.83
515.1287660598755,-0.6349872999999999,1.622,36.19,20.8
515.4737637042999,-0.6385013,1.622,36.26,20.81
515.818761587143,-0.6275461,1.622,36.17,20.82
516.1637604236603,-0.6240319,1.622,36.23,20.81
516.5087583065033,-0.6281656999999999,1.622,36.23,20.83
516.8537557125092,-0.6184503,1.622,36.21,20.81
517.1987547874451,-0.6201042,1.622,36.23,20.82
517.5437531471252,-0.6223787,1.622,36.26,20.82
517.8887512683868,-0.6178307,1.622,36.2,20.82
518.2337498664856,-0.616177,1.622,36.28,20.82
518.5787506103516,-0.6083221,1.622,36.23,20.81
518.9237458705902,-0.6128696,1.622,36.25,20.82
519.2687439918518,-0.6058417,1.622,36.26,20.83
519.6137433052063,-0.6031540999999999,1.622,36.18,20.83
519.9587416648865,-0.5975728,1.622,36.25,20.81
520.3037390708923,-0.5994334,1.622,36.21,20.82
520.6487376689911,-0.5934387,1.622,36.19,20.82
520.9937365055084,-0.5915785,1.622,36.21,20.82
521.3387348651886,-0.5843439,1.622,36.21,20.83
521.6837332248688,-0.5791761000000001,1.622,36.21,20.81
522.0287318229675,-0.5816572,1.622,36.17,20.82
522.3737301826477,-0.577936,1.622,36.25,20.81
522.7187283039093,-0.5783498,1.622,36.26,20.82
523.063726902008,-0.5715283999999999,1.622,36.19,20.81
523.4087252616882,-0.5719411,1.622,36.21,20.83
523.7537233829498,-0.5709077,1.622,36.22,20.81
524.0987210273743,-0.5653264,1.622,36.21,20.83
524.443719625473,-0.5665668,1.622,36.19,20.82
524.7887184619904,-0.567807,1.622,36.22,20.81
525.1337158679962,-0.5667735,1.622,36.19,20.83
525.4787151813507,-0.5657399,1.622,36.21,20.82
525.8237125873566,-0.7003068,1.622,36.25,20.82
526.1687116622925,-0.706508,1.622,36.24,20.81
526.5137100219727,-0.7017538,1.677,36.24,20.82
526.8587086200714,-0.6998936,1.677,36.26,20.84
527.2037060260773,-0.6957591000000001,1.677,36.22,20.83
527.5487051010132,-0.6955519,1.677,36.23,20.82
527.8937027454376,-0.6953457,1.676,36.19,20.82
528.2387011051178,-0.6951389,1.676,36.19,20.83
528.5836999416351,-0.6874908,1.675,36.18,20.82
528.9286992549896,-0.6907982,1.674,36.26,20.83
529.2736968994141,-0.6812895999999999,1.674,36.25,20.83
529.6186950206757,-0.6790158,1.673,36.13,20.83
529.9636926651001,-0.678189,1.673,36.27,20.83
530.308691740036,-0.6790158,1.673,36.19,20.84
530.6536893844604,-0.6730214,1.673,36.25,20.81
530.9986889362335,-0.6719881,1.673,36.22,20.84
531.3436870574951,-0.6701276,1.673,36.24,20.83
531.6886856555939,-0.6693009,1.673,36.17,20.81
532.0336854457855,-0.6628926,1.673,36.25,20.81
532.3786826133728,-0.6581385999999999,1.673,36.24,20.82
532.7236802577972,-0.656691,1.673,36.21,20.84
533.068678855896,-0.6566917,1.673,36.26,20.82
533.4136772155762,-0.6453222,1.673,36.24,20.84
533.7586755752563,-0.6533844,1.673,36.13,20.83
534.1036729812622,-0.6494563999999999,1.673,36.21,20.83
534.4486720561981,-0.6420147,1.673,36.28,20.81
534.793669462204,-0.6449089,1.673,36.18,20.83
535.1386685371399,-0.6432556,1.673,36.24,20.82
535.4836695194244,-0.6469763000000001,1.673,36.18,20.81
535.8286654949188,-0.6395351,1.673,36.24,20.84
536.1736636161804,-0.634367,1.673,36.24,20.84
536.5182073116302,-0.6314726,1.673,36.29,20.83
536.8632321357727,-0.6395351,1.673,,
537.2072598934174,-0.6316798,1.673,36.33,20.86
537.5523219108582,-0.6318864,1.673,36.28,20.85
537.8973484039307,-0.6238246,1.673,36.32,20.86
538.2423791885376,-0.6180363000000001,1.673,36.37,20.86
538.5874383449554,-0.6244452,1.673,36.27,20.86
538.9324626922607,-0.6229977,1.673,36.34,20.84
539.2775204181671,-0.6172099999999999,1.673,36.32,20.84
539.6225478649139,-0.6194843,1.673,36.33,20.86
539.9675765037537,-0.6141093,1.673,36.33,20.86
540.312117099762,-0.6066675,1.673,36.37,20.85
540.6571156978607,-0.6070814,1.673,36.35,20.85
541.0021154880524,-0.6050144,1.673,36.41,20.86
541.3466327190399,-0.784024,1.673,36.34,20.86
541.6916658878326,-0.7769955000000001,1.723,36.37,20.86
542.0367171764374,-0.7769955000000001,1.726,36.33,20.85
542.3817429542542,-0.7724476,1.726,36.32,20.85
542.7267708778381,-0.7683133,1.726,36.4,20.86
543.0718224048615,-0.7720345,1.726,36.36,20.86
543.4173624515533,-0.7714143,1.725,36.29,20.85
543.7623608112335,-0.7701741,1.725,36.32,20.87
544.1073594093323,-0.7685200000000001,1.724,36.28,20.86
544.4518678188324,-0.7681066,1.724,36.34,20.86
544.7968916893005,-0.7676932,1.724,36.33,20.86
545.141948223114,-0.7610784,1.724,36.38,20.86
545.486495256424,-0.7664535,1.724,36.41,20.85
545.8319997787476,-0.7604589,1.724,36.36,20.86
546.1769964694977,-0.7590117,1.724,36.32,20.85
546.5219955444336,-0.7559108999999999,1.724,36.29,20.86
546.8669929504395,-0.7559106,1.724,36.33,20.85
547.2119915485382,-0.7641795,1.724,36.27,20.85
547.5569889545441,-0.7616983,1.724,36.32,20.86
547.9019882678986,-0.7536367,1.724,36.24,20.83
548.246985912323,-0.7565312,1.724,36.28,20.84
548.5919859409332,-0.7579781,1.724,36.29,20.85
548.9369852542877,-0.7569442,1.724,36.26,20.83
549.2820451259613,-0.7532241000000001,1.724,36.35,20.85
549.6275556087494,-0.7530169,1.724,36.36,20.85
549.9726147651672,-0.7588051,1.724,36.32,20.85
550.3176445960999,-0.7509499,1.724,36.34,20.85
550.6627116203308,-0.75281,1.724,36.34,20.84
551.0072543621063,-0.7532237,1.724,36.35,20.84
551.3527932167053,-0.7528104999999999,1.724,36.34,20.86
551.6973311901093,-0.7542570000000001,1.724,36.31,20.85
552.042329788208,-0.749296,1.724,36.35,20.84
552.3873279094696,-0.7478496,1.724,36.37,20.86
552.7323262691498,-0.7503301,1.724,36.36,20.86
553.07732462883,-0.7453685,1.724,36.28,20.87
553.4223222732544,-0.7416481,1.724,36.28,20.86
553.7673206329346,-0.7422683,1.724,36.26,20.86
554.1123187541962,-0.7437153,1.724,36.34,20.85
554.4573180675507,-0.7416478,1.724,36.3,20.87
554.8023164272308,-0.7354468000000001,1.724,36.34,20.86
555.147314786911,-0.7391675000000001,1.724,36.34,20.85
555.4923129081726,-0.7313124999999999,1.724,36.38,20.86
555.8373112678528,-0.7308991,1.724,36.36,20.86
556.1823108196259,-0.7244911,1.724,36.34,20.86
556.5273082256317,-0.7255252999999999,1.724,36.34,20.85
556.8723063468933,-0.7238714,1.724,36.28,20.85
557.2173047065735,-0.8100692,1.724,36.31,20.86
557.5623035430908,-0.8414877,1.724,36.36,20.85
557.9073014259338,-0.8427283999999999,1.776,36.4,20.85
558.2523024082184,-0.8396281,1.777,36.28,20.84
558.5972993373871,-0.8321860999999999,1.777,36.28,20.85
558.9422974586487,-0.8307394,1.777,36.32,20.84
559.2872948646545,-0.8282588,1.777,36.28,20.85
559.6322932243347,-0.8249512,1.776,36.33,20.86
559.9772922992706,-0.8282583,1.776,36.31,20.86
560.3222897052765,-0.8201968000000001,1.775,36.31,20.85
560.6672894954681,-0.824538,1.775,36.38,20.85
561.0122861862183,-0.8224711,1.775,36.33,20.85
561.3572850227356,-0.8168896,1.775,36.35,20.86
561.7022824287415,-0.8187497,1.775,36.35,20.86
562.0472829341888,-0.8168899000000001,1.775,36.33,20.85
562.392279624939,-0.8181303000000001,1.775,36.32,20.85
562.7372782230377,-0.8175099,1.775,36.38,20.86
563.0822763442993,-0.8239185,1.775,36.32,20.85
563.4272749423981,-0.8193707,1.775,36.48,20.85
563.7722733020782,-0.8257791999999999,1.775,36.31,20.85
564.1172716617584,-0.8160631,1.775,36.38,20.85
564.46226978302,-0.8241249,1.775,36.35,20.85
564.8072681427002,-0.8232986,1.775,36.35,20.86
565.1522665023804,-0.8160628,1.775,36.32,20.85
565.4972648620605,-0.8179232000000001,1.775,36.33,20.85
565.842262506485,-0.8195775999999999,1.775,36.32,20.86
566.1872634887695,-0.8139959,1.775,36.32,20.86
566.532261133194,-0.8170970999999999,1.775,36.35,20.85
566.8772599697113,-0.8129623,1.775,36.34,20.87
567.2222585678101,-0.8139959,1.775,36.37,20.86
567.5672543048859,-0.8146165,1.775,36.25,20.86
567.9122533798218,-0.8146168,1.774,36.37,20.87
568.2572526931763,-0.8146158,1.774,36.39,20.85
568.6022493839264,-0.81627,1.774,36.34,20.86
568.9472484588623,-0.809655,1.774,36.23,20.86
569.2922458648682,-0.8096554,1.774,36.31,20.86
569.6372449398041,-0.8090353,1.774,36.3,20.85
569.9822432994843,-0.8084148999999999,1.774,36.34,20.85
570.3272438049316,-0.8032466,1.774,36.34,20.85
570.6722395420074,-0.8059345,1.774,36.33,20.87
571.0172383785248,-0.8057277,1.774,36.28,20.86
571.3622369766235,-0.809655,1.774,36.32,20.86
571.7072343826294,-0.8020064,1.773,36.34,20.86
572.0522327423096,-0.8082085,1.773,36.31,20.85
572.3972308635712,-0.9264446000000001,1.773,36.33,20.85
572.7422301769257,-0.9818433000000001,1.773,36.32,20.85
573.0872287750244,-0.9801889,1.825,36.29,20.85
573.432226896286,-0.9795692,1.825,36.34,20.85
573.7772252559662,-0.9762618,1.825,36.39,20.85
574.1222233772278,-0.9797758000000001,1.825,36.35,20.84
574.4672212600708,-0.9847368999999999,1.825,36.33,20.85
574.8132193088531,-0.9820490999999999,1.825,36.34,20.86
575.1582188606262,-0.9826701,1.825,36.36,20.85
575.5032179355621,-0.9787414999999999,1.825,36.41,20.84
575.8482146263123,-0.9847368999999999,1.825,36.3,20.87
576.1932134628296,-0.9808092999999999,1.825,36.35,20.85
576.5392117500305,-0.9830828,1.825,36.33,20.86
576.8842103481293,-0.9843229,1.825,36.39,20.86
577.2292087078094,-0.9768811000000001,1.825,36.32,20.84
577.574206829071,-0.982463,1.825,36.35,20.84
577.9192047119141,-0.9861831999999999,1.825,36.36,20.84
578.2642030715942,-0.9791552000000001,1.825,36.36,20.84
578.6092038154602,-0.9816357,1.825,36.37,20.85
578.9542005062103,-0.983083,1.825,36.31,20.85
579.2991988658905,-0.9847364999999999,1.825,36.33,20.85
579.6441969871521,-0.9797752,1.825,36.3,20.84
579.9891948699951,-0.9737802,1.825,36.31,20.84
580.3341929912567,-0.9789486,1.825,36.35,20.86
580.6791913509369,-0.9785356999999999,1.825,36.39,20.83
581.0241897106171,-0.9727476,1.825,36.36,20.84
581.369188785553,-0.9671659,1.825,36.39,20.84
581.7141871452332,-0.9715077000000001,1.825,36.34,20.84
582.0591852664948,-0.9684065,1.825,36.34,20.85
582.4041855335236,-0.9702677,1.825,36.3,20.85
582.7491819858551,-0.9630316999999999,1.825,36.36,20.84
583.0937135219574,-0.9646862,1.825,36.28,20.85
583.4382524490356,-0.9599319000000001,1.825,36.35,20.85
583.7833046913147,-0.9597248,1.825,36.35,20.84
584.1288104057312,-0.9584854,1.825,36.39,20.84
584.4738602638245,-0.9539375999999999,1.825,36.32,20.85
584.8188848495483,-0.9555912999999999,1.825,36.34,20.84
585.1639094352722,-0.9543506,1.825,36.37,20.85
585.5089602470398,-0.9541446,1.825,36.36,20.85
585.8539831638336,-0.9564182999999999,1.825,36.31,20.84
586.199009180069,-0.9477356999999998,1.825,36.35,20.83
586.5440654754639,-0.9431877000000001,1.825,36.31,20.84
586.8890914916992,-0.9450491,1.825,36.33,20.83
587.2341191768646,-0.9460823,1.825,36.39,20.82
587.5786955356598,-0.9464958000000001,1.825,36.36,20.83
587.924230337143,-0.9483561,1.825,36.34,20.83
588.2692980766296,-1.0938780000000001,1.825,36.34,20.83
588.6143274307251,-1.093672,1.877,36.36,20.83
588.9593644142151,-1.090984,1.878,36.42,20.84
589.3048965930939,-1.090157,1.878,36.36,20.84
589.6498942375183,-1.087677,1.877,36.36,20.84
589.9948923587799,-1.087884,1.877,36.38,20.84
590.339891910553,-1.092639,1.877,36.36,20.83
590.6848900318146,-1.0818889999999999,1.877,36.36,20.84
591.0298886299133,-1.080649,1.877,36.4,20.83
591.3748865127563,-1.08065,1.876,36.38,20.84
591.7193987369537,-1.079202,1.876,36.39,20.84
592.0639071464539,-1.079203,1.876,36.33,20.85
592.4084248542786,-1.071347,1.876,36.34,20.84
592.7534453868866,-1.066593,1.876,36.44,20.85
593.0985009670258,-1.0601850000000002,1.876,36.36,20.85
593.4425268173218,-1.0643200000000002,1.876,36.38,20.85
593.7875831127167,-1.059979,1.876,36.36,20.85
594.1321184635162,-1.066387,1.876,36.37,20.84
594.4771149158478,-1.052331,1.876,36.4,20.84
594.8221156597137,-1.055845,1.876,36.34,20.84
595.1671113967896,-1.048817,1.876,36.39,20.84
595.5121099948883,-1.046749,1.876,36.34,20.85
595.8571083545685,-1.0382740000000001,1.876,36.33,20.85
596.2021059989929,-1.037034,1.876,36.32,20.83
596.5471050739288,-1.0355869999999998,1.876,36.37,20.86
596.891104221344,-1.0322799999999999,1.876,36.36,20.84
597.2361009120941,-1.028559,1.876,36.4,20.85
597.5811002254486,-1.026906,1.876,36.38,20.85
597.9251005649567,-1.027732,1.876,36.35,20.84
598.2700989246368,-1.0202900000000001,1.877,36.4,20.85
598.6146094799042,-1.015537,1.877,36.38,20.84
598.9596364498138,-1.014709,1.877,36.36,20.85
599.3046741485596,-1.008302,1.877,36.35,20.85
599.6487288475037,-1.009955,1.877,36.35,20.85
599.9932646751404,-1.0064410000000001,1.877,36.37,20.85
600.3378839492798,-0.9973456999999999,1.877,36.36,20.85
600.6833925247192,-1.002721,1.877,36.41,20.85
601.0283918380737,-0.9946583,1.877,36.38,20.84
601.3733901977539,-0.9952791999999999,1.877,36.34,20.84
601.7183883190155,-0.9923839999999999,1.877,36.43,20.84
602.06338763237,-0.9907312,1.877,36.39,20.83
602.408385515213,-0.9841164,1.877,36.36,20.82
602.7533838748932,-0.9843231,1.877,36.38,20.84
603.0983846187592,-0.9818423000000001,1.877,36.35,20.85
603.4433796405792,-0.9880445000000001,1.877,36.41,20.84
603.7883784770966,-1.004994,1.877,36.29,20.84
604.133376121521,-1.102973,1.877,36.39,20.84
604.4783744812012,-1.095945,1.928,36.38,20.84
604.8233735561371,-1.096358,1.929,36.4,20.84
605.1683723926544,-1.097599,1.929,36.35,20.85
605.5133702754974,-1.087263,1.929,36.37,20.84
605.8583691120148,-1.0895380000000001,1.929,36.32,20.83
606.2033669948578,-1.0837489999999999,1.928,36.39,20.85
606.5483646392822,-1.087677,1.928,36.32,20.85
606.8933634757996,-1.08499,1.928,36.31,20.83
607.237361907959,-1.084783,1.928,36.36,20.83
607.5818750858307,-1.0862299999999998,1.928,36.35,20.84
607.926381111145,-1.0829229999999999,1.928,36.4,20.83
608.2713811397552,-1.074448,1.927,36.39,20.83
608.615891456604,-1.072794,1.927,36.38,20.83
608.9609205722809,-1.070727,1.927,36.45,20.83
609.3049449920654,-1.072587,1.926,36.37,20.83
609.6500008106232,-1.0754819999999998,1.926,36.37,20.83
609.9945523738861,-1.07176,1.926,36.37,20.85
610.3395533561707,-1.0698999999999999,1.926,36.35,20.84
610.6835503578186,-1.067419,1.926,36.4,20.83
611.0285484790802,-1.067419,1.926,36.32,20.84
611.3730676174164,-1.0649389999999999,1.926,36.34,20.85
611.7175784111023,-1.065353,1.926,36.37,20.84
612.0621230602264,-1.064112,1.927,36.34,20.83
612.4071819782257,-1.0560509999999999,1.927,36.31,20.83
612.7522196769714,-1.0593569999999999,1.927,36.36,20.82
613.0972418785095,-1.05047,1.927,36.3,20.83
613.4417932033539,-1.05419,1.928,36.4,20.82
613.7863075733185,-1.051503,1.928,36.34,20.82
614.1308145523071,-1.0492299999999999,1.928,36.37,20.83
614.4758143424988,-1.048403,1.928,36.33,20.83
614.8198125362396,-1.050057,1.928,36.4,20.83
615.1648120880127,-1.0481960000000001,1.928,36.33,20.82
615.5098083019257,-1.049023,1.928,36.34,20.83
615.8553178310394,-1.049643,1.928,36.39,20.83
616.1998841762543,-1.042202,1.928,36.42,20.84
616.5443897247314,-1.040341,1.928,36.38,20.86
616.8893868923187,-1.044062,1.928,36.39,20.83
617.2343850135803,-1.041995,1.928,36.34,20.83
617.5788967609406,-1.039308,1.928,36.37,20.85
617.9234051704407,-1.038481,1.928,36.34,20.84
618.2684030532837,-1.03662,1.927,36.37,20.84
618.6134009361267,-1.032899,1.927,36.33,20.83
618.9583995342255,-1.0382740000000001,1.927,36.4,20.84
619.3033969402313,-1.038894,1.927,36.38,20.84
619.6483960151672,-1.207154,1.927,36.39,20.85
619.9933934211731,-1.212942,1.953,36.37,20.83
620.3383929729462,-1.2063270000000001,1.977,36.34,20.84
620.6833910942078,-1.207981,1.977,36.42,20.86
621.0283894538879,-1.207567,1.977,36.4,20.84
621.3733868598938,-1.2079820000000001,1.977,36.41,20.84
621.7183854579926,-1.205293,1.977,36.37,20.85
622.0628991127014,-1.204053,1.977,36.39,20.85
622.4079220294952,-1.2024,1.977,36.32,20.85
622.7525007724762,-1.201367,1.978,36.38,20.84
623.0974934101105,-1.205502,1.978,36.37,20.84
623.4424915313721,-1.198059,1.978,36.39,20.84
623.7874920368195,-1.199093,1.979,36.4,20.83
624.132001876831,-1.194958,1.979,36.39,20.84
624.4770312309265,-1.197026,1.979,36.47,20.83
624.8220951557159,-1.195785,1.979,36.38,20.84
625.1671223640442,-1.194545,1.979,36.4,20.84
625.5121784210205,-1.190825,1.979,36.38,20.84
625.8567140102386,-1.195165,1.979,36.38,20.83
626.2012264728546,-1.18979,1.979,36.41,20.83
626.545734167099,-1.193098,1.979,36.34,20.83
626.890732049942,-1.1953719999999999,1.979,36.34,20.85
627.2357304096222,-1.193305,1.978,36.39,20.84
627.5807299613953,-1.1955790000000002,1.978,36.36,20.85
627.9257283210754,-1.188137,1.978,36.34,20.85
628.270726442337,-1.18545,1.978,36.39,20.86
628.6157245635986,-1.183796,1.978,36.4,20.85
628.9607255458832,-1.182763,1.978,36.42,20.83
629.3057208061218,-1.176974,1.978,36.38,20.86
629.6507194042206,-1.1798689999999998,1.978,36.39,20.84
629.9957184791565,-1.179042,1.978,36.38,20.83
630.3407161235809,-1.1749079999999998,1.978,36.4,20.83
630.6857151985168,-1.172634,1.978,36.44,20.85
631.0307130813599,-1.171394,1.978,36.35,20.84
631.3752317428589,-1.174495,1.978,36.32,20.84
631.7202467918396,-1.169947,1.978,36.38,20.84
632.0648310184479,-1.172635,1.978,36.36,20.83
632.4103662967682,-1.16912,1.978,36.33,20.82
632.7549064159393,-1.168913,1.978,36.4,20.83
633.0994100570679,-1.17222,1.978,36.4,20.84
633.4439244270325,-1.1751150000000001,1.978,36.41,20.84
633.7884588241577,-1.1656060000000001,1.978,36.34,20.85
634.1335213184357,-1.1720140000000001,1.978,36.33,20.84
634.4785492420197,-1.169327,1.978,36.35,20.85
634.8235793113708,-1.1687070000000002,1.978,36.35,20.84
635.1686329841614,-1.169534,1.978,36.31,20.85
635.5136620998383,-1.167466,1.978,36.37,20.84
635.8587219715118,-1.160851,1.978,36.4,20.85
636.2037467956543,-1.159818,1.978,36.41,20.84
636.5487742424011,-1.150929,1.978,36.41,20.83
636.8938300609589,-1.1585779999999999,1.978,36.36,20.85
637.2388601303101,-1.160025,1.978,36.34,20.85
637.5834069252014,-1.151963,1.978,36.33,20.84
637.9284036159515,-1.1505159999999999,1.978,36.44,20.84
638.2734019756317,-1.1496899999999999,1.978,36.41,20.84
638.6184010505676,-1.15031,1.977,36.41,20.83
638.9633986949921,-1.137287,1.977,36.39,20.84
639.3083980083466,-1.138321,1.977,36.36,20.83
639.653395652771,-1.135426,1.977,36.39,20.84
639.9983940124512,-1.135014,1.977,36.43,20.85
640.3433930873871,-1.137494,1.977,36.43,20.86
640.687915802002,-1.135427,1.977,36.43,20.84
641.0329327583313,-1.1337730000000001,1.977,36.44,20.85
641.3779861927032,-1.13336,1.977,36.4,20.82
641.7230110168457,-1.138321,1.977,36.36,20.86
642.067554473877,-1.139354,1.977,36.41,20.85
642.4120907783508,-1.136666,1.977,36.42,20.84
642.7566270828247,-1.141008,1.977,36.43,20.84
643.1011574268341,-1.141215,1.977,36.45,20.85
643.4462144374847,-1.137908,1.977,36.38,20.85
643.7912449836731,-1.138321,1.977,36.38,20.84
644.136280298233,-1.132946,1.977,36.37,20.85
644.4803328514099,-1.136461,1.977,36.36,20.84
644.8248693943024,-1.137081,1.977,36.37,20.84
645.1693825721741,-1.13646,1.977,36.45,20.85
645.5144383907318,-1.133567,1.977,36.36,20.84
645.8594605922699,-1.137701,1.977,36.36,20.84
646.2045130729675,-1.1399750000000002,1.977,36.37,20.86
646.5495414733887,-1.1368740000000002,1.977,36.44,20.85
646.8945672512054,-1.1372879999999999,1.977,36.44,20.84
647.2396247386932,-1.141629,1.977,36.35,20.84
647.5841343402863,-1.13336,1.977,36.39,20.82
647.9286451339722,-1.131293,1.977,36.4,20.84
648.2731513977051,-1.129432,1.977,36.33,20.85
648.618150472641,-1.136461,1.977,36.39,20.84
648.9631488323212,-1.1308799999999999,1.977,36.43,20.85
649.3081467151642,-1.127572,1.977,36.41,20.84
649.6531450748444,-1.117236,1.978,36.41,20.82
649.9981436729431,-1.119304,1.978,36.39,20.83
650.3431425094604,-1.124058,1.978,36.36,20.85
650.6881403923035,-1.128813,1.978,36.39,20.83
651.0331418514252,-1.120958,1.978,36.38,20.83
651.3781397342682,-1.125918,1.978,36.36,20.85
651.7231380939484,-1.113929,1.978,36.35,20.83
652.0681366920471,-1.125505,1.978,36.37,20.84
652.4131338596344,-1.1213710000000001,1.978,36.36,20.83
652.7581317424774,-1.118476,1.978,36.44,20.84
653.1031296253204,-1.117237,1.978,36.36,20.85
653.4481301307678,-1.107728,1.978,36.4,20.83
653.7931265830994,-1.106488,1.978,36.39,20.84
654.1381251811981,-1.1033870000000001,1.978,36.42,20.84
654.4831235408783,-1.106074,1.978,36.41,20.84
654.8281219005585,-1.103594,1.978,36.38,20.85
655.1731197834015,-1.0969790000000001,1.978,36.37,20.85
655.518119096756,-1.089744,1.978,36.39,20.84
655.8631172180176,-1.0920180000000002,1.978,36.33,20.84
656.2081158161163,-1.0893309999999998,1.978,36.31,20.84
656.5531146526337,-1.095326,1.978,36.41,20.84
656.8981122970581,-1.08561,1.978,36.43,20.84
657.2431099414825,-1.0895380000000001,1.978,36.35,20.84
657.5881094932556,-1.086851,1.978,36.38,20.86
657.93310713768,-1.090364,1.978,36.37,20.84
658.2781054973602,-1.078375,1.978,36.32,20.85
658.6231038570404,-1.08499,1.978,36.45,20.85
658.9681029319763,-1.0779619999999999,1.978,36.37,20.83
659.3126201629639,-1.076308,1.978,36.4,20.84
659.6576473712921,-1.072174,1.978,36.3,20.85
660.0022206306458,-1.075275,1.978,36.31,20.85
660.346761226654,-1.068867,1.978,36.4,20.85
660.6917870044708,-1.069073,1.979,36.4,20.85
661.0368483066559,-1.0698999999999999,1.979,36.37,20.85
661.3818740844727,-1.059565,1.979,36.35,20.84
661.725902557373,-1.066387,1.979,36.41,20.84
662.0704789161682,-1.058738,1.979,36.38,20.85
662.4160161018372,-1.055224,1.979,36.36,20.85
662.7605583667755,-1.055431,1.979,36.42,20.84
663.1055586338043,-1.05171,1.979,36.36,20.84
663.4505553245544,-1.0486099999999998,1.979,36.38,20.85
663.7955524921417,-1.042201,1.979,36.44,20.86
664.1405513286591,-1.044682,1.979,36.34,20.85
664.485550403595,-1.043236,1.978,36.36,20.85
664.830549955368,-1.03724,1.978,36.3,20.85
665.1755471229553,-1.037034,1.978,36.3,20.84
665.5205447673798,-1.0266979999999999,1.978,36.41,20.85
665.86554479599,-1.030626,1.978,36.27,20.84
666.2105424404144,-1.033933,1.978,36.35,20.85
666.5555408000946,-1.029799,1.978,36.37,20.83
666.9005403518677,-1.0266979999999999,1.978,36.36,20.85
667.2455399036407,-1.020911,1.978,36.42,20.86
667.5905361175537,-1.014295,1.978,36.33,20.84
667.9355344772339,-1.009955,1.978,36.44,20.85
668.2805323600769,-1.0062339999999999,1.978,36.32,20.87
668.6250529289246,-0.9996195000000001,1.978,36.33,20.86
668.9700744152069,-1.001893,1.978,36.24,20.87
669.3146405220032,-0.9975531000000001,1.978,36.32,20.85
669.6601700782776,-0.9961054999999999,1.978,36.33,20.85
670.006196975708,-0.989491,1.978,36.43,20.86
670.3512599468231,-0.9880437,1.978,36.35,20.85
670.6962909698486,-0.9853567000000001,1.978,36.28,20.85
671.0413184165955,-0.9828763,1.978,36.35,20.85
671.3863806724548,-0.9785351,1.978,36.36,20.85
671.7314028739929,-0.9849429000000001,1.978,36.38,20.86
672.0764663219452,-0.980396,1.978,36.33,20.86
672.422021150589,-0.9779150000000001,1.978,36.36,20.85
672.7670168876648,-0.9723343,1.978,36.41,20.84
673.112015247345,-0.9750217,1.978,36.32,20.86
673.4570136070251,-0.975435,1.978,36.37,20.85
673.8020112514496,-0.9725412000000001,1.979,36.35,20.83
674.1470103263855,-0.967373,1.979,36.36,20.83
674.4920086860657,-0.9692338,1.979,36.29,20.85
674.8370072841644,-0.9632388,1.979,36.3,20.85
675.1820049285889,-0.9657196,1.979,36.3,20.85
